10570 5556
10 2 3069 5451 4051 
10 2 2003 5167 3364 
10 2 3120 4758 1680 
10 2 3351 3352 592 
10 2 3071 5127 1450 
10 2 5117 5450 4494 
10 2 1317 5442 3185 
10 2 638 5131 3638 
10 2 4051 5451 624 
10 2 589 3985 3123 
10 2 2006 3342 3340 
10 2 3928 4707 1305 
10 2 3222 3333 1401 
10 2 4991 5455 4208 
10 2 3448 5453 5113 
10 2 1450 5441 3071 
10 2 3158 5136 595 
10 2 5111 5454 3798 
10 2 4134 4176 4135 
10 2 575 5450 5117 
10 2 3074 5137 604 
10 2 3223 3326 621 
10 2 3638 5438 638 
10 2 1680 5439 3120 
10 2 2557 4347 4293 
10 2 4531 4986 656 
10 2 3780 3782 3041 
10 2 637 3325 513 
10 2 3540 5141 577 
10 2 1776 3585 3515 
10 2 581 4553 3079 
10 2 1284 5061 3896 
10 2 3122 4525 1321 
10 2 1256 3344 1260 
10 2 501 3324 1281 
10 2 3923 4899 594 
10 2 3080 4381 1319 
10 2 3123 5437 589 
10 2 3124 3146 560 
10 2 3200 3202 623 
10 2 3730 4517 1400 
10 2 5114 5183 4293 
10 2 4208 5455 1445 
10 2 595 5435 3158 
10 2 4707 5436 1305 
10 2 3364 4616 2003 
10 2 5113 5453 640 
10 2 4256 4587 1449 
10 2 2006 3344 3342 
10 2 333 3650 1509 
10 2 3215 4109 547 
10 2 604 5434 3074 
10 2 550 3531 3529 
10 2 544 5454 5111 
10 2 558 3838 3136 
10 2 1646 3972 3425 
10 2 430 3323 1345 
10 2 2820 4366 3988 
10 2 577 5433 3540 
10 2 3090 3888 1581 
10 2 610 3842 3767 
10 2 592 5361 3351 
10 2 3205 3207 1183 
10 2 639 3211 3209 
10 2 3373 3376 1720 
10 2 574 3994 3093 
10 2 3138 3995 1335 
10 2 3723 5024 3105 
10 2 3083 5160 1709 
10 2 572 3308 3227 
10 2 4986 5431 656 
10 2 3782 5432 3041 
10 2 1444 3652 338 
10 2 3185 5221 1317 
10 2 552 5162 3511 
10 2 3134 5062 1228 
10 2 543 3925 3535 
10 2 3225 3318 619 
10 2 1288 4468 3143 
10 2 2539 4174 2538 
10 2 4347 5114 4293 
10 2 3895 3977 1344 
10 2 4028 4692 3224 
10 2 3585 5427 3515 
10 2 3079 5428 581 
10 2 3333 5374 1401 
10 2 1284 5426 5061 
10 2 1229 5170 3521 
10 2 647 4416 3104 
10 2 3107 3740 1582 
10 2 1342 5173 4143 
10 2 1286 3752 3162 
10 2 579 3802 3195 
10 2 3728 5101 3355 
10 2 4405 4467 2819 
10 2 135 3321 568 
10 2 3370 3829 633 
10 2 3285 3286 541 
10 2 576 4289 3186 
10 2 3326 5363 621 
10 2 3232 3305 569 
10 2 3140 5176 545 
10 2 4899 5409 594 
10 2 1319 5410 3080 
10 2 4038 4249 626 
10 2 3481 5177 1283 
10 2 642 5178 3471 
10 2 3135 5174 1340 
10 2 588 3833 3712 
10 2 3027 4165 4164 
10 2 565 5181 3144 
10 2 3528 4111 4110 
10 2 573 3319 159 
10 2 385 3320 1336 
10 2 3176 4489 597 
10 2 3175 4032 634 
10 2 4082 4625 3226 
10 2 2870 4691 4567 
10 2 4004 4012 2304 
10 2 580 4090 3128 
10 2 1285 3877 3173 
10 2 3130 4254 1456 
10 2 1400 5400 3730 
10 2 1712 5197 3106 
10 2 3177 3963 1716 
10 2 1448 4171 3183 
10 2 4052 4407 2844 
10 2 3541 3713 645 
10 2 4293 5183 4292 
10 2 3125 5184 3164 
10 2 3125 5185 5184 
10 2 563 3218 3216 
10 2 1346 4544 3276 
10 2 3220 3298 1165 
10 2 3197 3904 546 
10 2 1444 3924 3198 
10 2 3714 4768 2846 
10 2 559 4380 3137 
10 2 3159 5202 554 
10 2 1321 5365 3122 
10 2 1402 5203 3687 
10 2 1867 3332 3331 
10 2 3114 5209 556 
10 2 4415 5091 3426 
10 2 4587 5396 1449 
10 2 560 5368 3124 
10 2 3202 5367 623 
10 2 636 5222 3478 
10 2 3439 5223 1539 
10 2 2242 5227 4653 
10 2 3234 3296 1583 
10 2 646 3429 3427 
10 2 3215 5393 4109 
10 2 3170 5241 605 
10 2 3402 5252 582 
10 2 3852 4565 3969 
10 2 2885 4688 3917 
10 2 3136 5388 558 
10 2 1709 5387 3083 
10 2 3425 5389 1646 
10 2 3514 5263 1713 
10 2 3316 5469 600 
10 2 593 5270 3117 
10 2 550 5371 3531 
10 2 3507 5054 3908 
10 2 1337 3311 3295 
10 2 542 3317 185 
10 2 3993 4551 4142 
10 2 1804 5135 2020 
10 2 1260 3344 2006 
10 2 1581 5383 3090 
10 2 3767 5384 610 
10 2 3511 5382 552 
10 2 3169 4551 3993 
10 2 3166 3167 1365 
10 2 598 3956 3955 
10 2 4178 4374 3241 
10 2 1448 3717 107 
10 2 3207 5375 1183 
10 2 1720 5377 3373 
10 2 639 5376 3211 
10 2 3917 4688 3045 
10 2 3466 5133 3428 
10 2 3240 3242 1453 
10 2 3093 5372 574 
10 2 1335 5373 3138 
10 2 3281 3571 630 
10 2 572 5379 3308 
10 2 3521 5370 1229 
10 2 5090 5232 3574 
10 2 600 5230 3316 
10 2 3190 5091 4415 
10 2 213 3788 1716 
10 2 3889 3922 3347 
10 2 4143 5366 1342 
10 2 1228 5380 3134 
10 2 5189 5369 5156 
10 2 3228 3230 1778 
10 2 586 3681 3231 
10 2 3677 4625 4082 
10 2 3574 5229 5090 
10 2 1093 3375 480 
10 2 3398 5369 5189 
10 2 1340 5381 3135 
10 2 3535 5362 543 
10 2 3969 5226 3852 
10 2 605 5208 3170 
10 2 607 3181 3180 
10 2 545 5359 3140 
10 2 3143 5360 1288 
10 2 3262 4692 4028 
10 2 142 3303 1456 
10 2 3185 5442 3150 
10 2 584 3416 3413 
10 2 1283 5357 3481 
10 2 3471 5358 642 
10 2 3268 5024 3723 
10 2 2291 3463 2192 
10 2 3246 3255 1397 
10 2 3318 5456 619 
10 2 580 3301 305 
10 2 3988 4366 3239 
10 2 3144 5354 565 
10 2 1344 5355 3895 
10 2 1421 5326 5305 
10 2 3187 3188 1214 
10 2 3978 4432 3250 
10 2 632 3192 3191 
10 2 541 5386 3285 
10 2 3728 5207 5101 
10 2 4135 4176 4095 
10 2 489 3300 634 
10 2 3382 3384 578 
10 2 3104 5352 647 
10 2 3106 5353 1712 
10 2 1582 5351 3107 
10 2 4174 5199 2538 
10 2 4134 5239 4176 
10 2 637 5225 3325 
10 2 513 3325 512 
10 2 1551 3570 3269 
10 2 554 5348 3159 
10 2 3162 5349 1286 
10 2 502 3324 501 
10 2 3687 5346 1402 
10 2 3802 5347 3195 
10 2 4178 4375 4374 
10 2 3154 5459 5140 
10 2 3463 3464 2314 
10 2 4467 5344 2819 
10 2 563 5390 3218 
10 2 3276 5391 1346 
10 2 3298 5392 1165 
10 2 334 3650 333 
10 2 3563 3564 1831 
10 2 1698 5187 3126 
10 2 617 5185 3125 
10 2 3125 5186 617 
10 2 4358 5188 3024 
10 2 3024 5194 4358 
10 2 3399 5190 1446 
10 2 1446 5191 3399 
10 2 620 5193 3546 
10 2 3551 5195 1699 
10 2 3546 5192 620 
10 2 1699 5196 3551 
10 2 3164 5184 1114 
10 2 1446 5190 3398 
10 2 3398 5189 1446 
10 2 3126 5187 617 
10 2 617 5186 3126 
10 2 620 5192 3399 
10 2 1699 5195 3546 
10 2 3546 5193 1699 
10 2 3399 5191 620 
10 2 3551 5196 612 
10 2 3370 5342 3829 
10 2 556 5341 3114 
10 2 3464 3466 2314 
10 2 3324 5258 1281 
10 2 431 3323 430 
10 2 3305 5461 569 
10 2 2843 5132 3871 
10 2 4289 5337 3186 
10 2 3295 5460 1337 
10 2 3126 5497 1698 
10 2 1114 5503 3164 
10 2 612 5504 3551 
10 2 596 3260 3259 
10 2 5305 5326 4011 
10 2 338 3652 337 
10 2 3364 5167 3363 
10 2 2933 4001 4000 
10 2 1256 3358 3344 
10 2 3478 5328 636 
10 2 4038 5329 4249 
10 2 1539 5330 3439 
10 2 3650 5262 1509 
10 2 136 3321 135 
10 2 3296 5394 1583 
10 2 646 5395 3429 
10 2 4653 5327 2242 
10 2 1447 3386 3260 
10 2 561 3263 3261 
10 2 4154 5230 600 
10 2 159 3319 158 
10 2 386 3320 385 
10 2 3712 5325 588 
10 2 3323 5265 1345 
10 2 65 3583 64 
10 2 4124 5429 3348 
10 2 4164 5323 3027 
10 2 3564 3565 549 
10 2 5201 5442 448 
10 2 3348 5287 4124 
10 2 3461 3463 2291 
10 2 3528 5320 4111 
10 2 582 5321 3402 
10 2 1104 5114 4347 
10 2 391 5469 5254 
10 2 1280 3488 3233 
10 2 641 3269 3267 
10 2 2550 5476 3316 
10 2 3176 5319 4489 
10 2 3145 4174 2539 
10 2 3316 5230 2550 
10 2 3245 4154 1338 
10 2 2020 5135 3349 
10 2 634 5318 3175 
10 2 2870 5317 4691 
10 2 1444 5273 3652 
10 2 107 3717 106 
10 2 3235 5093 1508 
10 2 1867 5290 3332 
10 2 1317 5221 3263 
10 2 3352 3353 592 
10 2 3988 5249 2820 
10 2 4375 4412 4071 
10 2 1401 3334 3222 
10 2 1713 5311 3514 
10 2 3128 5312 580 
10 2 570 3237 3236 
10 2 5054 5385 3908 
10 2 214 3788 213 
10 2 3877 5310 3173 
10 2 185 3317 184 
10 2 1456 5309 3130 
10 2 1811 3250 3248 
10 2 143 3303 142 
10 2 3117 5307 593 
10 2 3255 3881 540 
10 2 1365 5398 3166 
10 2 3955 5399 598 
10 2 305 3301 304 
10 2 3146 3147 560 
10 2 3460 5108 3462 
10 2 3251 3253 548 
10 2 1287 3413 3254 
10 2 1286 3383 298 
10 2 490 3300 489 
10 2 1716 5300 3177 
10 2 1104 5459 5114 
10 2 3105 5247 3723 
10 2 3315 5469 3316 
10 2 3376 3377 1720 
10 2 3185 3331 2790 
10 2 3340 5135 2006 
10 2 3227 3309 572 
10 2 562 3258 3256 
10 2 3183 5298 1448 
10 2 645 5299 3541 
10 2 2800 3828 3349 
10 2 3242 5401 1453 
10 2 5140 5459 1104 
10 2 3230 4670 4108 
10 2 3197 5296 3904 
10 2 3924 5297 3198 
10 2 480 3375 479 
10 2 496 3291 1582 
10 2 647 3290 40 
10 2 1717 4012 4008 
10 2 5254 5469 3315 
10 2 3347 5429 3889 
10 2 3286 3287 541 
10 2 3799 5454 3911 
10 2 5109 5455 3109 
10 2 4407 5313 2844 
10 2 4768 5293 2846 
10 2 3137 5294 559 
10 2 630 5402 3281 
10 2 3279 3281 1282 
10 2 3117 5270 3085 
10 2 573 5284 3319 
10 2 3320 5285 1336 
10 2 3721 5453 3444 
10 2 3339 5129 3337 
10 2 298 3383 297 
10 2 497 3291 496 
10 2 40 3290 39 
10 2 3513 5263 3514 
10 2 3321 5335 568 
10 2 3224 5245 4028 
10 2 426 3289 425 
10 2 2192 3463 2314 
10 2 343 3683 342 
10 2 5198 5231 1852 
10 2 4817 5289 2821 
10 2 598 3957 3956 
10 2 425 3289 1344 
10 2 131 3299 130 
10 2 3230 5403 1778 
10 2 586 5404 3681 
10 2 164 3302 163 
10 2 381 3958 380 
10 2 3464 5133 3466 
10 2 3403 5252 3402 
10 2 3264 3266 1442 
10 2 3344 3345 3342 
10 2 3101 5450 5102 
10 2 4255 5451 3044 
10 2 33 3543 32 
10 2 3329 3870 2290 
10 2 112 3330 111 
10 2 3172 5241 3170 
10 2 4008 4011 1717 
10 2 3150 5442 5201 
10 2 3292 4114 1364 
10 2 599 3294 3293 
10 2 3355 5225 3728 
10 2 607 3182 3181 
10 2 3099 5448 3898 
10 2 584 3417 3416 
10 2 2846 5277 3714 
10 2 4380 5278 3137 
10 2 4653 5227 3142 
10 2 632 3193 3192 
10 2 3270 3272 1454 
10 2 3478 5222 3480 
10 2 3441 5223 3439 
10 2 4000 5475 2933 
10 2 1288 3683 343 
10 2 5202 5203 244 
10 2 468 5209 5197 
10 2 121 5220 5181 
10 2 16 5223 5178 
10 2 5177 5222 520 
10 2 5176 5227 199 
10 2 416 5241 5173 
10 2 319 5252 5170 
10 2 237 5263 5162 
10 2 5160 5270 83 
10 2 546 5272 3197 
10 2 3198 5273 1444 
10 2 3296 3496 631 
10 2 3180 5408 607 
10 2 3073 5446 3857 
10 2 3583 5490 64 
10 2 2821 5488 4817 
10 2 3694 5445 5034 
10 2 4171 5267 3183 
10 2 2844 5268 4052 
10 2 3541 5269 3713 
10 2 4012 5470 2304 
10 2 3685 5209 3114 
10 2 585 3647 3645 
10 2 3177 5261 3963 
10 2 3565 3566 549 
10 2 3413 5412 584 
10 2 2790 5221 3185 
10 2 3687 5203 3161 
10 2 3328 5132 609 
10 2 3161 5202 3159 
10 2 2291 5018 3461 
10 2 3098 5444 4213 
10 2 608 3276 3274 
10 2 3336 3337 622 
10 2 3106 5197 3685 
10 2 3327 3328 1347 
10 2 3460 5481 5108 
10 2 3274 3283 608 
10 2 4005 4012 4004 
10 2 3255 5413 1397 
10 2 643 3460 3459 
10 2 3130 5257 4254 
10 2 618 3374 3282 
10 2 599 3295 3294 
10 2 130 3299 567 
10 2 3173 5256 1285 
10 2 1398 3297 3277 
10 2 2082 5305 4009 
10 2 3645 3648 585 
10 2 4090 5253 3128 
10 2 2190 3467 2187 
10 2 3144 5181 3145 
10 2 3871 5132 3329 
10 2 3480 5177 3481 
10 2 3471 5178 3441 
10 2 3277 3285 1398 
10 2 3142 5176 3140 
10 2 3175 5233 4032 
10 2 3226 5234 4082 
10 2 4567 5235 2870 
10 2 3250 5415 3978 
10 2 1214 5416 3187 
10 2 3191 5414 632 
10 2 542 5274 3317 
10 2 3076 5441 4257 
10 2 631 3496 3304 
10 2 4206 5119 5097 
10 2 2304 5123 4004 
10 2 4143 5173 3172 
10 2 3135 4406 3086 
10 2 2006 5135 1804 
10 2 597 5237 3176 
10 2 4644 5438 3486 
10 2 5095 5439 3753 
10 2 3521 5170 3403 
10 2 574 3302 164 
10 2 380 3958 1335 
10 2 3134 4202 3033 
10 2 1282 3306 3279 
10 2 3332 5290 4900 
10 2 1454 3305 3270 
10 2 4110 5238 3528 
10 2 1364 4114 3308 
10 2 3511 5162 3513 
10 2 4209 5437 3097 
10 2 5129 5492 3337 
10 2 578 5418 3382 
10 2 3208 3858 3207 
10 2 3211 3859 3212 
10 2 3282 3373 618 
10 2 3208 5041 3785 
10 2 626 5212 4038 
10 2 3085 5160 3083 
10 2 1340 5174 4014 
10 2 1442 3318 3264 
10 2 3203 5435 3979 
10 2 4459 5436 3050 
10 2 1448 5298 3717 
10 2 3531 3719 3532 
10 2 3186 5205 576 
10 2 1337 3312 3311 
10 2 3027 5240 4165 
10 2 600 5420 4154 
10 2 4368 5434 4018 
10 2 3922 5172 3347 
10 2 3256 3322 562 
10 2 609 5485 3328 
10 2 5168 5171 1862 
10 2 3203 3979 3202 
10 2 3124 4459 3050 
10 2 643 3459 3458 
10 2 4374 4375 4071 
10 2 3273 4412 4375 
10 2 3833 5243 3712 
10 2 3091 5433 3876 
10 2 3122 4209 3097 
10 2 3269 5421 1551 
10 2 3428 5145 3466 
10 2 4008 4012 4005 
10 2 3539 5141 3540 
10 2 3154 5140 3153 
10 2 3574 5232 5025 
10 2 3078 5137 3074 
10 2 3157 5136 3158 
10 2 3349 3828 2020 
10 2 3859 5431 3212 
10 2 3326 3327 1347 
10 2 3638 5131 3637 
10 2 4900 5500 3332 
10 2 3911 5454 544 
10 2 3081 5127 3071 
10 2 3426 5260 4415 
10 2 3788 5300 1716 
10 2 2803 3374 3040 
10 2 548 3333 3251 
10 2 3254 3414 1287 
10 2 1646 3543 33 
10 2 3510 5427 4917 
10 2 4202 5428 3033 
10 2 4129 5117 4494 
10 2 540 3881 3835 
10 2 3335 3336 622 
10 2 4968 5426 3818 
10 2 4059 5115 4061 
10 2 3248 3351 1811 
10 2 3564 5423 1831 
10 2 640 5453 3721 
10 2 3448 5113 3450 
10 2 1093 5288 3375 
10 2 3921 5111 3798 
10 2 3111 5109 3109 
10 2 3894 5106 3893 
10 2 3101 5102 3103 
10 2 5133 5280 3428 
10 2 3887 5409 4552 
10 2 3082 5410 3929 
10 2 3298 5218 2831 
10 2 1445 5455 5109 
10 2 3573 5229 3574 
10 2 4293 5146 2557 
10 2 633 5248 3370 
10 2 3732 5400 3837 
10 2 5158 5159 1947 
10 2 2800 3349 3336 
10 2 596 5424 3260 
10 2 3263 5425 1317 
10 2 1449 3330 112 
10 2 2819 5249 4405 
10 2 3303 5309 1456 
10 2 624 5451 4255 
10 2 3327 3870 3329 
10 2 3195 5250 579 
10 2 3752 5250 3162 
10 2 3837 5393 3732 
10 2 3675 5183 5114 
10 2 3282 3374 2803 
10 2 3466 5145 3467 
10 2 3968 5226 3969 
10 2 3898 5448 611 
10 2 580 5312 3301 
10 2 4017 5231 5198 
10 2 5102 5450 575 
10 2 3331 5443 1867 
10 2 2290 3871 3329 
10 2 4552 5387 3887 
10 2 3929 5388 3082 
10 2 3408 5554 3407 
10 2 4416 5247 3104 
10 2 3107 5248 3740 
10 2 3407 5554 5118 
10 2 4009 5477 2082 
10 2 3461 5018 3459 
10 2 2187 3467 2186 
10 2 561 5425 3263 
10 2 3260 5424 1447 
10 2 3088 5383 4457 
10 2 3818 5384 4968 
10 2 4917 5382 3510 
10 2 2807 3297 3035 
10 2 3857 5446 553 
10 2 1700 5445 3694 
10 2 3300 5318 634 
10 2 2825 5152 3415 
10 2 3116 5555 3115 
10 2 4420 5157 5150 
10 2 3161 5203 5202 
10 2 5197 5209 3685 
10 2 5181 5220 3145 
10 2 5178 5223 3441 
10 2 3480 5222 5177 
10 2 3142 5227 5176 
10 2 5173 5241 3172 
10 2 5170 5252 3403 
10 2 5162 5263 3513 
10 2 5121 5555 3116 
10 2 3085 5270 5160 
10 2 3895 5246 3977 
10 2 5097 5525 4206 
10 2 3277 3297 2807 
10 2 3876 5370 3091 
10 2 4565 5274 3969 
10 2 3917 5275 2885 
10 2 4036 5369 3397 
10 2 5179 5219 2464 
10 2 2314 3467 2190 
10 2 549 5423 3564 
10 2 4018 5366 4368 
10 2 3783 5107 3782 
10 2 621 5245 3223 
10 2 4213 5444 557 
10 2 3170 5208 3171 
10 2 2047 5144 5143 
10 2 3944 5362 3095 
10 2 4468 5244 3143 
10 2 4670 5359 4108 
10 2 3925 5242 3535 
10 2 4525 5243 1321 
10 2 3374 3375 3040 
10 2 3486 5357 4644 
10 2 3753 5358 5095 
10 2 4103 5180 3288 
10 2 3288 5180 3287 
10 2 3909 5110 3906 
10 2 3233 5422 1280 
10 2 641 5421 3269 
10 2 4257 5354 3076 
10 2 623 5240 3200 
10 2 4213 5353 3098 
10 2 4154 5420 1338 
10 2 4257 5441 1450 
10 2 5034 5348 3694 
10 2 3857 5346 3073 
10 2 5093 5347 1508 
10 2 3529 5238 550 
10 2 4059 5502 5115 
10 2 1508 5419 3235 
10 2 3244 5344 571 
10 2 638 5438 4644 
10 2 3753 5439 1680 
10 2 3898 5340 3099 
10 2 3100 5341 4145 
10 2 1280 5342 3488 
10 2 3994 5236 3093 
10 2 3138 5237 3995 
10 2 3908 5282 3507 
10 2 3044 5337 4255 
10 2 3776 5505 3112 
10 2 3236 5417 570 
10 2 1183 5233 3205 
10 2 619 5234 3225 
10 2 3209 5235 639 
10 2 2273 3947 3310 
10 2 2780 3305 3232 
10 2 3270 3305 2780 
10 2 4033 5328 3476 
10 2 1447 5329 3386 
10 2 3444 5330 3721 
10 2 2830 5167 5148 
10 2 5062 5253 1228 
10 2 3090 5255 3888 
10 2 3842 5256 3767 
10 2 3911 5327 3799 
10 2 4142 5284 3993 
10 2 569 5257 3232 
10 2 4208 5325 4991 
10 2 3259 5323 596 
10 2 3838 5259 3136 
10 2 3972 5260 3425 
10 2 3476 5498 4033 
10 2 3261 5334 561 
10 2 589 5437 4209 
10 2 3146 3148 3147 
10 2 5122 5126 2168 
10 2 1811 5415 3250 
10 2 547 5261 3215 
10 2 1831 5320 3563 
10 2 3112 5321 3776 
10 2 4051 5319 3069 
10 2 4256 5264 4587 
10 2 1551 5317 3570 
10 2 3364 5266 4616 
10 2 3216 5267 563 
10 2 1346 5268 4544 
10 2 1165 5269 3220 
10 2 3148 5171 5168 
10 2 3727 5207 3728 
10 2 3730 5272 4517 
10 2 3297 3317 3035 
10 2 4578 5275 4210 
10 2 3286 3288 3287 
10 2 3384 5310 578 
10 2 4145 5494 3100 
10 2 1583 5277 3234 
10 2 3923 5279 4899 
10 2 3080 5278 4381 
10 2 3427 5280 646 
10 2 3267 5356 641 
10 2 3979 5435 595 
10 2 1305 5436 4459 
10 2 3188 5306 1214 
10 2 3978 5307 4432 
10 2 5061 5281 3896 
10 2 1397 5303 3246 
10 2 3515 5282 1776 
10 2 4553 5283 3079 
10 2 540 5413 3255 
10 2 1338 5364 3245 
10 2 4531 5289 4986 
10 2 3041 5288 3780 
10 2 3120 5299 4758 
10 2 3167 5291 1365 
10 2 1778 5296 3228 
10 2 3231 5297 586 
10 2 3985 5295 3123 
10 2 1453 5292 3240 
10 2 3571 5293 630 
10 2 3928 5294 4707 
10 2 4210 5552 4578 
10 2 2244 4000 3999 
10 2 570 5378 3237 
10 2 2778 3318 3225 
10 2 3264 3318 2778 
10 2 3253 5411 548 
10 2 1287 5412 3413 
10 2 4018 5434 604 
10 2 3193 3194 3192 
10 2 4016 5543 3127 
10 2 3330 5390 111 
10 2 3957 5161 3959 
10 2 3959 5161 3950 
10 2 3095 5483 3944 
10 2 3993 5291 3169 
10 2 3957 3959 3956 
10 2 3876 5433 577 
10 2 3336 3338 3337 
10 2 3327 3329 3328 
10 2 2831 5218 5147 
10 2 3460 3461 3459 
10 2 3295 3310 3294 
10 2 3310 3947 3294 
10 2 3397 5479 4036 
10 2 4173 5199 4174 
10 2 3279 3306 3280 
10 2 4457 5472 3088 
10 2 3894 5507 5106 
10 2 4406 5471 3086 
10 2 1341 5543 4016 
10 2 562 5407 3258 
10 2 3288 5159 5158 
10 2 3312 3313 3311 
10 2 656 5431 3859 
10 2 571 5501 3244 
10 2 4108 5403 3230 
10 2 3208 5480 3858 
10 2 3785 5480 3208 
10 2 3719 5482 3532 
10 2 3306 3307 3280 
10 2 5206 5526 5211 
10 2 3241 5292 4178 
10 2 3543 5395 32 
10 2 2830 5513 5167 
10 2 5200 5523 5210 
10 2 4917 5427 3585 
10 2 581 5428 4202 
10 2 3193 5151 3194 
10 2 3818 5426 1284 
10 2 3127 4017 4016 
10 2 2635 3322 3256 
10 2 3281 5402 1282 
10 2 3783 5495 5107 
10 2 3565 5105 3566 
10 2 5150 5157 3313 
10 2 3344 5524 3345 
10 2 5143 5144 3959 
10 2 3929 5410 1319 
10 2 594 5409 3887 
10 2 3194 5151 5099 
10 2 3348 5429 3347 
10 2 3334 5219 5179 
10 2 1286 5349 3383 
10 2 5152 5544 3415 
10 2 3313 5157 3311 
10 2 3148 3149 3147 
10 2 3045 5295 3917 
10 2 4936 5251 5182 
10 2 2243 3871 2040 
10 2 2635 3356 3322 
10 2 3909 5385 2454 
10 2 3837 5400 1400 
10 2 3336 3349 3338 
10 2 3338 3339 3337 
10 2 3251 3333 2772 
10 2 2772 3333 3222 
10 2 2817 3414 3254 
10 2 2825 3414 2817 
10 2 3460 3462 3461 
10 2 3295 3311 3310 
10 2 3311 5157 3310 
10 2 3194 5126 5122 
10 2 3312 3314 3313 
10 2 3331 3332 2790 
10 2 3353 5149 592 
10 2 3466 3467 2314 
10 2 3306 3325 3307 
10 2 3417 5125 3416 
10 2 3266 5397 1442 
10 2 3182 5130 3181 
10 2 2843 3871 2243 
10 2 2040 3871 2290 
10 2 5169 5206 4065 
10 2 5041 5139 3785 
10 2 3307 3354 3280 
10 2 2825 3415 3414 
10 2 1401 5153 3334 
10 2 3291 5351 1582 
10 2 647 5352 3290 
10 2 5165 5200 615 
10 2 4130 5553 5316 
10 2 2771 3351 3248 
10 2 3149 3150 3147 
10 2 2771 3352 3351 
10 2 3338 3340 3339 
10 2 3462 3463 3461 
10 2 5206 5211 3991 
10 2 3312 3315 3314 
10 2 4112 5549 5311 
10 2 3302 5398 163 
10 2 381 5399 3958 
10 2 3149 3185 3150 
10 2 3340 3341 3339 
10 2 3462 3464 3463 
10 2 3315 3316 3314 
10 2 2771 3359 3352 
10 2 3354 4667 3280 
10 2 2200 4667 3354 
10 2 1253 3358 1252 
10 2 3149 3331 3185 
10 2 3307 3355 3354 
10 2 3356 4569 2801 
10 2 2635 4569 3356 
10 2 3340 3342 3341 
10 2 1771 3358 1253 
10 2 1252 3358 1256 
10 2 3356 3357 3322 
10 2 3342 3343 3341 
10 2 3342 3345 3343 
10 2 2265 3359 2264 
10 2 2268 3359 2265 
10 2 2264 3359 2771 
10 2 3345 3346 3343 
10 2 3346 3347 3343 
10 2 3346 3348 3347 
10 2 2198 3470 3468 
10 2 3552 4717 3549 
10 2 1872 4717 3552 
10 2 3549 4717 1873 
10 2 2206 3469 2203 
10 2 4546 5018 2291 
10 2 2210 4228 2207 
10 2 3468 3470 3455 
10 2 3446 4228 2210 
10 2 2206 4996 3469 
10 2 3468 5018 4546 
10 2 3547 3549 1873 
10 2 3468 4546 2198 
10 2 2035 4500 4079 
10 2 3454 3470 2202 
10 2 2202 3469 3454 
10 2 2203 3469 2202 
10 2 2214 4780 2211 
10 2 3384 4079 3174 
10 2 3442 5014 3437 
10 2 4800 4932 2719 
10 2 3371 4791 2794 
10 2 3369 4791 3371 
10 2 2035 4079 3385 
10 2 2794 3488 3371 
10 2 3442 4780 2214 
10 2 2207 4228 2206 
10 2 3435 3436 3434 
10 2 2221 3484 2224 
10 2 3635 4839 3638 
10 2 2873 4739 3632 
10 2 1124 4895 1122 
10 2 2035 3385 1793 
10 2 3455 3470 3454 
10 2 2214 5014 3442 
10 2 3638 4839 3487 
10 2 3436 3471 3441 
10 2 3435 3471 3436 
10 2 2770 5065 3555 
10 2 3552 5070 1872 
10 2 1873 4895 3547 
10 2 2026 3553 1757 
10 2 1975 4680 2025 
10 2 3483 3486 3485 
10 2 3433 3435 3434 
10 2 2154 3430 2155 
10 2 2086 3366 3361 
10 2 3365 3686 2493 
10 2 2210 4780 3446 
10 2 4228 4996 2206 
10 2 3165 4736 2840 
10 2 3484 3485 2224 
10 2 2330 3587 2066 
10 2 1793 3385 2028 
10 2 2882 3366 2086 
10 2 2324 4955 4915 
10 2 3632 4739 2876 
10 2 2882 3679 3366 
10 2 2877 3686 3365 
10 2 4079 4500 3174 
10 2 3483 3485 3484 
10 2 3360 3632 2876 
10 2 3628 4940 4837 
10 2 5068 5074 2441 
10 2 3590 5031 3589 
10 2 3475 3478 3473 
10 2 2211 4780 2210 
10 2 3674 4737 3675 
10 2 2330 4950 3587 
10 2 2028 3379 3378 
10 2 3589 5031 2091 
10 2 2220 3533 3482 
10 2 2482 3362 2792 
10 2 2563 3588 2321 
10 2 2876 4932 3360 
10 2 3437 5014 3434 
10 2 3019 3411 2507 
10 2 3472 3475 3473 
10 2 2306 3534 3387 
10 2 2874 3588 3367 
10 2 2091 4596 3589 
10 2 2219 3433 2218 
10 2 3430 4791 3369 
10 2 2499 3376 3372 
10 2 2493 3686 2330 
10 2 3378 3577 2028 
10 2 3575 3592 3418 
10 2 4997 5035 3009 
10 2 3973 4773 2897 
10 2 2719 4932 3819 
10 2 2155 3430 2158 
10 2 2220 3484 2221 
10 2 1874 4895 1124 
10 2 2199 3470 2198 
10 2 2323 4680 3819 
10 2 3400 3544 1874 
10 2 3553 5005 3410 
10 2 2767 3560 2516 
10 2 2202 3470 2199 
10 2 3012 5069 5047 
10 2 3418 3592 2326 
10 2 2028 3385 3379 
10 2 2066 3587 3367 
10 2 3372 3419 2499 
10 2 3387 3534 2880 
10 2 3068 3535 3534 
10 2 2321 3588 2874 
10 2 2569 4881 3616 
10 2 3368 3653 2158 
10 2 1757 3553 1827 
10 2 4870 4894 4662 
10 2 2235 4973 4934 
10 2 3492 4955 2324 
10 2 3361 4680 2086 
10 2 3360 4932 4800 
10 2 2086 4680 1975 
10 2 3367 3587 2874 
10 2 3068 3534 2306 
10 2 1827 3409 3404 
10 2 3819 4932 2323 
10 2 3686 4950 2330 
10 2 2516 3560 2518 
10 2 2888 5036 4983 
10 2 2074 4987 4893 
10 2 3684 4868 3060 
10 2 3365 3687 2877 
10 2 1888 4877 2714 
10 2 5086 5088 1163 
10 2 2824 3557 3386 
10 2 5017 5019 2741 
10 2 3404 3518 1827 
10 2 2806 4447 3496 
10 2 3554 4750 1089 
10 2 2222 3433 2219 
10 2 3058 4868 3684 
10 2 2879 3419 3372 
10 2 1883 4886 3493 
10 2 3482 3484 2220 
10 2 3386 3557 2791 
10 2 2524 3490 3412 
10 2 3412 3416 2524 
10 2 2158 3430 3368 
10 2 2806 3496 3296 
10 2 4069 4970 2344 
10 2 5047 5069 1090 
10 2 2154 4791 3430 
10 2 2714 4877 3497 
10 2 2879 3611 3419 
10 2 3729 4683 2894 
10 2 1126 3388 1874 
10 2 2507 3411 2508 
10 2 3412 3490 2892 
10 2 3433 3434 2218 
10 2 3388 3400 1874 
10 2 2174 3692 3491 
10 2 2791 3557 2611 
10 2 2758 5009 4883 
10 2 3589 4596 3588 
10 2 2880 3592 3387 
10 2 258 3572 650 
10 2 5076 5083 3603 
10 2 3472 3473 2216 
10 2 2515 4737 3674 
10 2 3431 3432 2222 
10 2 5064 5084 4678 
10 2 5037 5044 2447 
10 2 4934 4973 2990 
10 2 2025 4680 2323 
10 2 3500 3602 2572 
10 2 3489 3808 2610 
10 2 1122 4895 1873 
10 2 1858 4769 1859 
10 2 2559 3583 3582 
10 2 3378 3578 3577 
10 2 2297 4447 2806 
10 2 2889 5049 5021 
10 2 3479 3533 3473 
10 2 3106 3685 3684 
10 2 2213 3472 2216 
10 2 2563 3589 3588 
10 2 4661 4870 4662 
10 2 2223 3431 2222 
10 2 5046 5057 2138 
10 2 3557 3803 2611 
10 2 4614 4886 1883 
10 2 3482 3533 3479 
10 2 4694 4990 1055 
10 2 1921 5012 4834 
10 2 3492 3500 2572 
10 2 259 3572 258 
10 2 4530 4913 951 
10 2 2054 4577 3844 
10 2 4915 4955 2882 
10 2 3449 4996 3447 
10 2 3106 3684 3060 
10 2 2610 3808 1880 
10 2 3628 4837 3627 
10 2 3584 3604 1105 
10 2 2497 3682 3659 
10 2 2474 3536 2240 
10 2 2156 5024 4942 
10 2 3409 3410 3408 
10 2 2527 3565 3562 
10 2 2438 5022 5007 
10 2 2324 4862 3492 
10 2 2281 4856 4723 
10 2 2610 3803 3489 
10 2 3490 4696 2892 
10 2 3559 4601 3495 
10 2 2209 4992 2212 
10 2 2971 4819 3844 
10 2 2611 3803 2610 
10 2 2561 3521 3403 
10 2 4101 5008 1747 
10 2 3520 3569 2883 
10 2 2975 4701 4379 
10 2 979 4566 3657 
10 2 640 3721 19 
10 2 3509 4959 3673 
10 2 3596 4960 3595 
10 2 2312 4999 4742 
10 2 2793 3488 2794 
10 2 2188 4943 2745 
10 2 2889 5021 3495 
10 2 4694 5031 3590 
10 2 3673 4959 1756 
10 2 4067 5060 1893 
10 2 3525 4779 4413 
10 2 1031 3579 1032 
10 2 2900 4812 3519 
10 2 3269 3570 2788 
10 2 3436 3437 3434 
10 2 2280 3731 2999 
10 2 3199 4455 3651 
10 2 2045 3736 2340 
10 2 3544 4895 1874 
10 2 3420 3423 2303 
10 2 1627 4715 1625 
10 2 2083 4280 1767 
10 2 57 3597 56 
10 2 4855 4877 2878 
10 2 3555 5065 3554 
10 2 3067 3767 3766 
10 2 3495 4601 2889 
10 2 19 3721 18 
10 2 3574 4830 650 
10 2 3519 4812 2435 
10 2 2578 4816 1166 
10 2 1960 3607 1681 
10 2 3639 4898 2750 
10 2 1973 3561 1972 
10 2 1149 4862 1151 
10 2 3387 3592 3575 
10 2 4883 5009 1962 
10 2 3569 4853 2285 
10 2 3726 3728 637 
10 2 3604 4672 1105 
10 2 2228 3634 2229 
10 2 3582 4136 2559 
10 2 3498 3665 1185 
10 2 1794 4756 2037 
10 2 3395 3401 3400 
10 2 3781 4776 3784 
10 2 3562 3565 3564 
10 2 3009 5035 4982 
10 2 4529 4647 1951 
10 2 3520 4853 3569 
10 2 2460 3520 2883 
10 2 3628 5037 4940 
10 2 4982 5035 1954 
10 2 4618 4625 1970 
10 2 2180 3420 2303 
10 2 1827 3518 1210 
10 2 2454 5054 5052 
10 2 1044 3627 1047 
10 2 3616 4881 3617 
10 2 3405 3409 3408 
10 2 3930 4740 4534 
10 2 1185 3665 957 
10 2 3492 4862 3500 
10 2 995 4120 992 
10 2 1051 4797 1048 
10 2 2729 4647 4529 
10 2 3395 3400 3390 
10 2 1092 3554 1089 
10 2 2840 4736 2517 
10 2 2158 3653 2159 
10 2 3680 3682 2497 
10 2 3572 3573 650 
10 2 3634 4839 3635 
10 2 1633 4715 1627 
10 2 2474 3537 3536 
10 2 3381 4079 3384 
10 2 3560 5088 5086 
10 2 2315 4964 2142 
10 2 3651 4455 3644 
10 2 233 3585 1776 
10 2 4818 5001 2356 
10 2 2894 4683 2337 
10 2 2494 4769 1858 
10 2 3623 4741 3558 
10 2 2891 4948 3605 
10 2 2715 4601 3559 
10 2 2313 4577 2054 
10 2 3598 4447 2297 
10 2 3579 3581 1959 
10 2 2903 4995 2904 
10 2 3226 4625 4618 
10 2 2897 4773 3012 
10 2 2896 4672 3604 
10 2 3418 4855 2878 
10 2 3494 3974 3493 
10 2 3429 3542 3421 
10 2 3491 3692 3424 
10 2 957 3665 2097 
10 2 1015 4575 3725 
10 2 3668 4738 1881 
10 2 3784 4776 635 
10 2 1185 3669 3498 
10 2 3045 4688 2313 
10 2 3501 3844 2886 
10 2 5005 5034 3410 
10 2 1032 3579 1035 
10 2 2326 4855 3418 
10 2 729 3630 1396 
10 2 1827 3553 3409 
10 2 2965 4613 1647 
10 2 3515 4053 3504 
10 2 4893 4957 4693 
10 2 2441 5074 4865 
10 2 3558 4741 1764 
10 2 29 3794 1186 
10 2 3668 4803 4545 
10 2 1153 3629 1152 
10 2 3581 5020 1959 
10 2 1043 3627 1044 
10 2 1210 3518 1208 
10 2 1758 4973 2235 
10 2 3699 3706 1003 
10 2 3657 4566 3655 
10 2 3657 4679 4664 
10 2 1884 4876 4655 
10 2 4068 4970 4069 
10 2 3731 3732 2999 
10 2 3885 4689 2644 
10 2 3165 4737 4736 
10 2 4903 4954 2718 
10 2 3556 3586 2718 
10 2 2313 4688 4577 
10 2 5049 5065 2770 
10 2 3013 3576 2450 
10 2 1015 3725 3724 
10 2 3907 3909 3906 
10 2 2768 5080 5033 
10 2 3786 4890 2977 
10 2 1972 3561 3524 
10 2 3478 3479 3473 
10 2 1880 3808 2328 
10 2 1136 3768 1133 
10 2 2893 3575 3418 
10 2 625 3597 57 
10 2 951 4913 3738 
10 2 2470 3541 2822 
10 2 4664 4679 1921 
10 2 30 3794 29 
10 2 224 4111 223 
10 2 3574 5025 4830 
10 2 2768 5033 2234 
10 2 2461 3521 2561 
10 2 1152 3629 1158 
10 2 2226 5026 3431 
10 2 1031 3580 3579 
10 2 4980 5051 3008 
10 2 4654 4786 2811 
10 2 4509 4668 3631 
10 2 1207 4677 1205 
10 2 1082 3708 3615 
10 2 1623 3789 1069 
10 2 2433 3688 1658 
10 2 2026 5005 3553 
10 2 988 3809 986 
10 2 952 3738 955 
10 2 2312 4742 3612 
10 2 2227 4848 2226 
10 2 2225 3516 2228 
10 2 2501 4898 3639 
10 2 3499 4738 3668 
10 2 4669 4807 3806 
10 2 3831 4558 3830 
10 2 4834 5012 2970 
10 2 223 4111 1831 
10 2 2250 3517 2877 
10 2 2527 3562 3561 
10 2 3499 3668 3666 
10 2 3504 4053 3502 
10 2 2251 3766 2809 
10 2 2718 3586 1075 
10 2 2024 3561 1973 
10 2 3672 4694 1055 
10 2 3819 4680 3361 
10 2 4851 4882 963 
10 2 951 3738 952 
10 2 1026 4661 1028 
10 2 2229 3634 2233 
10 2 3519 4762 2900 
10 2 4682 4789 2336 
10 2 3655 4713 3654 
10 2 3706 4886 4614 
10 2 2878 4877 1888 
10 2 3885 4969 2712 
10 2 3547 4895 3544 
10 2 3698 3706 3699 
10 2 1693 3623 2023 
10 2 3567 3734 1851 
10 2 1675 3778 2438 
10 2 1672 3778 1675 
10 2 2788 3570 3569 
10 2 3844 4819 2054 
10 2 5079 5094 2765 
10 2 2240 3536 1774 
10 2 1980 5083 5076 
10 2 2950 4922 3659 
10 2 4037 4909 4770 
10 2 3593 3595 625 
10 2 3429 3543 3542 
10 2 3491 4594 2174 
10 2 2584 4760 2094 
10 2 2170 5087 5058 
10 2 2450 3576 1878 
10 2 3558 4868 3058 
10 2 3175 4948 2891 
10 2 3214 4986 4985 
10 2 4842 4861 3758 
10 2 2572 3602 1018 
10 2 1135 4947 1756 
10 2 1223 4741 3623 
10 2 4566 4713 3655 
10 2 3739 4861 2343 
10 2 610 3818 291 
10 2 230 3905 229 
10 2 3611 4686 3419 
10 2 4589 4789 4030 
10 2 2095 3630 729 
10 2 2466 4280 2083 
10 2 3630 4722 1396 
10 2 1644 3619 1797 
10 2 991 3810 3809 
10 2 3644 4455 3641 
10 2 3571 4723 2845 
10 2 3494 4067 3974 
10 2 3432 3433 2222 
10 2 2217 3533 2220 
10 2 4723 4856 2744 
10 2 1040 3624 1043 
10 2 2343 4861 4842 
10 2 2873 3632 2269 
10 2 2095 3631 3568 
10 2 1681 3607 2441 
10 2 1028 4661 1031 
10 2 2886 3736 3501 
10 2 2309 3653 3062 
10 2 4733 4969 3885 
10 2 2028 3577 1630 
10 2 3811 4876 1884 
10 2 2515 3674 3660 
10 2 291 3818 290 
10 2 2435 4812 1073 
10 2 9 3713 1165 
10 2 2036 4500 2035 
10 2 2718 4954 3556 
10 2 225 4110 224 
10 2 4798 4799 3821 
10 2 2893 3601 3575 
10 2 4545 4803 2331 
10 2 488 4032 487 
10 2 1970 4625 3676 
10 2 2796 3578 3378 
10 2 1970 3676 1735 
10 2 1133 3768 1131 
10 2 3779 4776 3781 
10 2 3905 3907 3906 
10 2 1229 3876 317 
10 2 3660 3674 3152 
10 2 2252 3766 2251 
10 2 2562 3402 2836 
10 2 2578 4980 4816 
10 2 2901 4683 3729 
10 2 3502 3503 2039 
10 2 3486 3487 3485 
10 2 1923 4912 1922 
10 2 4554 4977 2331 
10 2 2453 3607 1960 
10 2 3805 4462 2978 
10 2 2717 4729 4710 
10 2 4110 4111 224 
10 2 1105 4136 3584 
10 2 1213 4677 1207 
10 2 1147 3602 3500 
10 2 229 3905 1696 
10 2 1018 3602 1020 
10 2 2111 4558 3831 
10 2 2523 4827 3229 
10 2 2990 5030 3519 
10 2 2519 3660 3152 
10 2 929 4655 927 
10 2 2473 3731 2280 
10 2 3499 3666 3665 
10 2 1743 3661 1990 
10 2 3742 4628 2761 
10 2 3698 3886 3697 
10 2 2160 4615 2157 
10 2 487 4032 1183 
10 2 3493 3974 1883 
10 2 1075 3586 1072 
10 2 4105 4834 2970 
10 2 2349 3654 1197 
10 2 1777 4548 4511 
10 2 4612 4824 2993 
10 2 2752 4918 4885 
10 2 2892 4696 2300 
10 2 1658 3688 2239 
10 2 3657 4664 979 
10 2 1048 4797 1046 
10 2 4555 4645 3828 
10 2 3577 3578 1632 
10 2 2329 3736 2045 
10 2 3536 4987 2074 
10 2 2230 4848 2227 
10 2 625 3693 3593 
10 2 1129 3672 1050 
10 2 2249 3578 2796 
10 2 3808 3935 2328 
10 2 5021 5049 2759 
10 2 3844 4577 2886 
10 2 2890 4722 3630 
10 2 1881 4803 3668 
10 2 3568 3630 2095 
10 2 4392 4501 4148 
10 2 2439 4997 3009 
10 2 2745 3622 2846 
10 2 682 4472 684 
10 2 3584 4136 3582 
10 2 1939 3671 1938 
10 2 3017 5015 4979 
10 2 3706 4614 1003 
10 2 2570 3598 2177 
10 2 1223 3623 1693 
10 2 3452 4996 3449 
10 2 317 3876 316 
10 2 2598 3811 1885 
10 2 3590 4990 4694 
10 2 4030 4789 4682 
10 2 62 4136 61 
10 2 2282 3680 2497 
10 2 2455 4773 3973 
10 2 4710 4729 1928 
10 2 3497 4913 2714 
10 2 2589 3695 3123 
10 2 4662 4894 4865 
10 2 2678 4453 3930 
10 2 1738 3770 3614 
10 2 1166 4816 1062 
10 2 2563 4864 3590 
10 2 1128 4967 1958 
10 2 2141 4524 2143 
10 2 1859 4769 1980 
10 2 3062 3653 3368 
10 2 2644 4689 1638 
10 2 1200 3640 1789 
10 2 4829 4863 2988 
10 2 1893 4120 995 
10 2 3697 3886 1291 
10 2 2328 3935 2890 
10 2 1076 4813 1079 
10 2 2409 4029 3663 
10 2 2033 3601 1752 
10 2 10 3713 9 
10 2 312 4553 311 
10 2 1936 4785 2590 
10 2 2340 3736 2886 
10 2 3561 3562 3524 
10 2 1011 3910 1013 
10 2 2575 3669 3497 
10 2 2811 4786 3136 
10 2 2577 3672 1129 
10 2 4083 4792 3737 
10 2 1199 4857 2349 
10 2 1647 4613 1027 
10 2 2745 4943 3622 
10 2 3707 4798 3821 
10 2 2714 4913 4530 
10 2 2329 3737 3591 
10 2 650 4830 257 
10 2 3421 3542 3420 
10 2 1668 4774 1083 
10 2 2121 3815 2710 
10 2 3548 3550 3549 
10 2 2971 3844 3501 
10 2 4914 4938 4800 
10 2 1115 4686 3611 
10 2 3618 4905 2351 
10 2 2253 4951 2759 
10 2 1853 4804 4671 
10 2 2178 3692 2175 
10 2 2146 3605 2148 
10 2 321 3776 582 
10 2 2457 5063 1964 
10 2 4460 4720 1492 
10 2 2144 3520 2460 
10 2 1953 3606 1952 
10 2 4833 4931 2007 
10 2 2487 3671 1939 
10 2 322 3776 321 
10 2 1634 3754 1006 
10 2 3828 4645 2020 
10 2 1756 4947 3673 
10 2 986 3809 1187 
10 2 2784 4723 3571 
10 2 1285 3842 293 
10 2 2091 3768 1136 
10 2 4742 4999 3514 
10 2 3595 4960 3597 
10 2 4799 4960 3596 
10 2 2518 3560 2841 
10 2 2563 3590 3589 
10 2 1151 4862 1154 
10 2 3498 3669 2575 
10 2 2893 3830 3601 
10 2 2975 4379 2681 
10 2 2681 4847 4609 
10 2 989 3800 990 
10 2 3624 3625 1043 
10 2 1887 4859 2600 
10 2 1591 4029 2409 
10 2 1006 3754 1008 
10 2 1038 3624 1040 
10 2 981 4595 1589 
10 2 3609 4954 4903 
10 2 1015 3724 1012 
10 2 991 3809 988 
10 2 2697 4648 4570 
10 2 927 3764 924 
10 2 1125 4967 1128 
10 2 3618 4613 2965 
10 2 2702 4155 3897 
10 2 1069 3789 1066 
10 2 1081 3708 1082 
10 2 4601 4774 1668 
10 2 2897 4967 3973 
10 2 522 4644 1283 
10 2 3699 3886 3698 
10 2 1146 5047 1090 
10 2 2775 4867 3199 
10 2 3751 4555 2590 
10 2 1082 3615 1084 
10 2 1273 3942 1271 
10 2 2975 4790 4701 
10 2 3751 4645 4555 
10 2 642 3753 14 
10 2 4893 4987 3092 
10 2 1309 3748 1307 
10 2 927 4655 3764 
10 2 1630 3577 1628 
10 2 3609 4756 2335 
10 2 2159 3653 2162 
10 2 1631 4756 1794 
10 2 1832 3661 1743 
10 2 3815 3816 2710 
10 2 3600 4587 4586 
10 2 2552 3680 2282 
10 2 2589 4622 3695 
10 2 3199 4867 4455 
10 2 4695 4702 1588 
10 2 1320 4553 312 
10 2 3595 3597 625 
10 2 2023 3623 2576 
10 2 3573 3574 650 
10 2 2182 3598 2297 
10 2 4064 4147 2348 
10 2 3935 4722 2890 
10 2 1144 3502 2039 
10 2 2295 3611 2879 
10 2 2590 4785 3751 
10 2 2882 4955 3679 
10 2 2854 3221 3220 
10 2 992 4120 991 
10 2 5007 5022 3020 
10 2 1735 3676 2063 
10 2 506 3714 1583 
10 2 1851 3734 1671 
10 2 2037 4756 2592 
10 2 2257 4524 2141 
10 2 2899 4861 3739 
10 2 2269 3632 2010 
10 2 2983 4934 2990 
10 2 4799 4872 3821 
10 2 4988 5056 2763 
10 2 990 3800 993 
10 2 4980 4989 1067 
10 2 2349 3655 3654 
10 2 2437 4890 3786 
10 2 3591 3736 2329 
10 2 3830 4558 3601 
10 2 1012 3724 1010 
10 2 3756 3757 1216 
10 2 3599 3661 1832 
10 2 1832 3662 3599 
10 2 3517 3686 2877 
10 2 3700 3703 3702 
10 2 1176 3749 1172 
10 2 1661 3720 1663 
10 2 2551 3827 1869 
10 2 3806 4807 2604 
10 2 3569 3570 2883 
10 2 2604 3878 3804 
10 2 2518 2841 2839 
10 2 3779 3780 1093 
10 2 1218 3756 1216 
10 2 3801 4477 2989 
10 2 687 3746 688 
10 2 2142 4964 2139 
10 2 3766 3767 2809 
10 2 3213 5075 5057 
10 2 2923 4721 4705 
10 2 923 3763 3762 
10 2 923 3764 3763 
10 2 2783 4757 4643 
10 2 1208 3518 1212 
10 2 991 4120 3810 
10 2 307 4090 306 
10 2 1239 4909 4037 
10 2 3249 4931 4833 
10 2 3195 3196 2494 
10 2 2608 4400 3984 
10 2 3233 3488 2793 
10 2 2157 4615 2156 
10 2 2467 4615 2160 
10 2 481 3779 1093 
10 2 687 3747 3746 
10 2 700 4211 703 
10 2 1671 3734 1669 
10 2 2326 3592 2325 
10 2 4571 4681 3832 
10 2 4410 4607 3851 
10 2 3030 4786 4654 
10 2 494 3740 633 
10 2 2194 4856 2281 
10 2 3556 4954 4933 
10 2 1767 4280 1864 
10 2 3478 3480 3479 
10 2 1172 3749 1170 
10 2 924 3764 923 
10 2 2146 4524 3605 
10 2 2899 3739 2898 
10 2 753 4560 3750 
10 2 1797 3619 2248 
10 2 1042 4564 1041 
10 2 641 3722 44 
10 2 3593 3693 2896 
10 2 3984 4400 3750 
10 2 909 4778 4766 
10 2 3905 3906 1696 
10 2 3843 4502 3710 
10 2 4753 5002 4752 
10 2 1197 3654 1190 
10 2 3548 3551 3550 
10 2 3690 3813 903 
10 2 3689 3726 515 
10 2 4714 4745 2981 
10 2 3631 4668 3568 
10 2 1228 4090 307 
10 2 4570 4648 3861 
10 2 3494 4995 4068 
10 2 705 4170 1943 
10 2 1606 3770 1738 
10 2 3204 4784 3761 
10 2 4501 4520 4148 
10 2 3804 3878 683 
10 2 3597 4725 56 
10 2 2871 3088 2872 
10 2 73 3898 611 
10 2 955 3738 1185 
10 2 2312 3612 2065 
10 2 58 3693 625 
10 2 2325 3592 2880 
10 2 246 3694 554 
10 2 1798 4607 4410 
10 2 1663 3720 1666 
10 2 4646 4724 2347 
10 2 3774 3775 3773 
10 2 3575 3601 2033 
10 2 2048 5027 3506 
10 2 2564 3518 3404 
10 2 3930 4453 2588 
10 2 4643 4757 4608 
10 2 2376 4520 4072 
10 2 4100 4101 1747 
10 2 4777 4828 2030 
10 2 2482 2792 2768 
10 2 4626 4727 2609 
10 2 3562 3563 3524 
10 2 1349 4648 2697 
10 2 3756 4842 3758 
10 2 3217 3662 2852 
10 2 3610 3730 2473 
10 2 59 3693 58 
10 2 3754 3910 1011 
10 2 963 3777 964 
10 2 1206 4762 1209 
10 2 994 3769 996 
10 2 3831 4681 2111 
10 2 4030 4636 2409 
10 2 1930 3749 1176 
10 2 3791 4439 2914 
10 2 1027 4613 1024 
10 2 4562 4600 1610 
10 2 2544 3687 3161 
10 2 1931 4472 682 
10 2 3616 3617 1146 
10 2 1869 3827 1790 
10 2 1885 3811 1884 
10 2 4679 5012 1921 
10 2 1074 4813 1076 
10 2 2535 3895 3849 
10 2 907 3814 904 
10 2 4817 4921 3703 
10 2 2333 3697 1298 
10 2 1640 4583 2644 
10 2 2151 3759 2154 
10 2 4773 5069 3012 
10 2 3596 4872 4799 
10 2 495 3740 494 
10 2 3423 3424 2303 
10 2 3874 4788 4746 
10 2 3591 3811 2598 
10 2 255 3755 614 
10 2 3659 4922 2497 
10 2 3401 3544 3400 
10 2 3709 3710 1976 
10 2 2910 4026 3790 
10 2 3750 4560 2929 
10 2 3600 4586 3661 
10 2 3841 4147 4064 
10 2 2254 4961 2277 
10 2 2271 4576 2777 
10 2 3092 4987 3540 
10 2 1352 3926 1350 
10 2 3661 4586 1990 
10 2 2777 4502 3843 
10 2 4650 4663 2910 
10 2 3599 3662 3217 
10 2 2459 3603 2833 
10 2 2185 4943 2188 
10 2 3023 3024 2842 
10 2 2338 3830 2893 
10 2 4838 5056 4988 
10 2 3604 4760 2584 
10 2 4511 4548 4547 
10 2 3873 4633 4521 
10 2 3835 3881 3834 
10 2 61 4136 1105 
10 2 3397 3398 3394 
10 2 1312 3748 1309 
10 2 74 3898 73 
10 2 205 3904 204 
10 2 3872 4633 3873 
10 2 4072 4520 2684 
10 2 1153 4413 3629 
10 2 247 3694 246 
10 2 2233 2479 2259 
10 2 3625 3627 1043 
10 2 2559 4136 62 
10 2 654 3707 659 
10 2 1265 3872 1267 
10 2 1014 3621 1017 
10 2 2751 3943 2079 
10 2 3705 4469 2905 
10 2 3663 4030 2409 
10 2 3021 5038 4981 
10 2 2518 2838 2517 
10 2 4981 5020 3021 
10 2 2073 3941 3761 
10 2 903 3814 3690 
10 2 3485 3516 2224 
10 2 3971 4044 3970 
10 2 3420 3542 3423 
10 2 899 3813 3670 
10 2 3919 3938 2415 
10 2 968 4454 966 
10 2 3226 4618 2779 
10 2 665 4417 662 
10 2 1746 3388 1126 
10 2 2927 3862 2599 
10 2 3474 3477 3476 
10 2 1072 3586 1070 
10 2 3635 3637 3636 
10 2 897 3931 3846 
10 2 2060 3795 2059 
10 2 657 3696 653 
10 2 663 3735 664 
10 2 2757 4878 2731 
10 2 4827 4828 3229 
10 2 2660 3754 1634 
10 2 672 4448 671 
10 2 3820 4831 1108 
10 2 4920 4935 3001 
10 2 2152 4942 2547 
10 2 2421 4105 2970 
10 2 1731 3709 1976 
10 2 2570 4447 3598 
10 2 3527 4779 3525 
10 2 2631 4501 4392 
10 2 3779 3781 3780 
10 2 3055 4899 4898 
10 2 2613 4063 3841 
10 2 4590 4591 2703 
10 2 2592 3559 3495 
10 2 3693 4672 2896 
10 2 900 3813 899 
10 2 1715 3847 1116 
10 2 3405 3407 3406 
10 2 1224 4807 4669 
10 2 1203 3708 1081 
10 2 673 4076 1944 
10 2 3614 4654 1738 
10 2 2165 4755 2168 
10 2 2480 4759 2496 
10 2 3930 4534 2678 
10 2 310 4202 309 
10 2 670 4076 673 
10 2 1862 4479 3848 
10 2 1020 3602 1023 
10 2 2310 4755 2164 
10 2 2212 4992 3474 
10 2 1600 3770 1606 
10 2 3761 3942 2073 
10 2 2583 4571 3914 
10 2 44 3722 43 
10 2 3734 4564 1669 
10 2 1714 3611 2295 
10 2 2456 2457 1964 
10 2 2294 3845 3006 
10 2 1441 4527 3879 
10 2 3772 3773 2015 
10 2 2239 3688 2756 
10 2 651 4921 4817 
10 2 1182 4803 1881 
10 2 2259 2531 2482 
10 2 3727 3728 3726 
10 2 2939 4663 4650 
10 2 695 4442 692 
10 2 688 3746 691 
10 2 2073 3942 1273 
10 2 4795 4901 4568 
10 2 677 3757 675 
10 2 1031 4661 3580 
10 2 2438 5007 1677 
10 2 3607 5068 2441 
10 2 4618 4720 4460 
10 2 938 4074 937 
10 2 1725 4247 3807 
10 2 3067 3766 2276 
10 2 3695 4622 2521 
10 2 963 4882 3777 
10 2 3967 3969 542 
10 2 1267 3872 1270 
10 2 2126 3847 1715 
10 2 3502 4053 3503 
10 2 1400 4517 207 
10 2 2761 4628 1963 
10 2 3016 3607 2453 
10 2 3834 4473 3773 
10 2 11 4758 645 
10 2 2474 3538 3537 
10 2 2905 4469 2737 
10 2 3689 3727 3726 
10 2 4283 4639 4631 
10 2 903 3813 900 
10 2 4615 5024 2156 
10 2 4697 4908 2399 
10 2 1632 3578 1799 
10 2 2031 4426 1679 
10 2 2995 4841 4809 
10 2 3846 3931 2925 
10 2 1091 5002 4753 
10 2 1664 3848 1689 
10 2 2993 4712 4612 
10 2 2429 4417 665 
10 2 993 3800 1306 
10 2 3639 4875 2501 
10 2 1094 3792 1103 
10 2 2079 3943 1277 
10 2 1895 4423 2108 
10 2 904 3814 903 
10 2 2978 4462 1949 
10 2 2361 4439 3791 
10 2 2540 4653 2541 
10 2 1227 3572 259 
10 2 3760 3941 3158 
10 2 2143 4524 2146 
10 2 964 3777 967 
10 2 1246 4477 3801 
10 2 2608 4772 4476 
10 2 4232 4295 2612 
10 2 4603 4754 1838 
10 2 1844 4304 1841 
10 2 4046 4180 2619 
10 2 3610 3729 2894 
10 2 2632 4092 4049 
10 2 3094 4128 4126 
10 2 4874 4929 3696 
10 2 1736 4824 4612 
10 2 2481 3606 1953 
10 2 3804 3806 2604 
10 2 2617 4107 3822 
10 2 3620 3621 1013 
10 2 3128 3129 2466 
10 2 2525 3920 3798 
10 2 3379 3381 3380 
10 2 3633 4740 3930 
10 2 3633 3930 2588 
10 2 2923 4705 2924 
10 2 2587 3733 1264 
10 2 2508 3411 2511 
10 2 1264 3733 718 
10 2 3658 4630 4105 
10 2 2483 4500 2077 
10 2 671 4448 4372 
10 2 3141 4828 4777 
10 2 3832 4681 3831 
10 2 3425 3426 3424 
10 2 1316 4453 2678 
10 2 996 3769 999 
10 2 3381 3384 3382 
10 2 727 3900 2095 
10 2 1764 4868 3558 
10 2 3772 3774 3773 
10 2 2714 4530 1368 
10 2 684 4472 687 
10 2 4669 4891 2408 
10 2 2977 4890 2978 
10 2 3939 4080 2415 
10 2 3849 4089 2535 
10 2 3882 3883 2928 
10 2 4534 4740 2123 
10 2 1972 3524 3522 
10 2 2860 3324 3304 
10 2 2440 4690 3007 
10 2 3008 3608 2983 
10 2 3741 4391 895 
10 2 1791 4970 2124 
10 2 1907 3863 3862 
10 2 2822 3120 2823 
10 2 546 3904 205 
10 2 699 4211 700 
10 2 2043 4827 2523 
10 2 4735 4871 3594 
10 2 1143 4596 2091 
10 2 3971 4045 4044 
10 2 2784 3571 3281 
10 2 3670 4505 899 
10 2 1484 3735 663 
10 2 3880 4624 679 
10 2 3710 4502 1976 
10 2 2179 3598 2182 
10 2 724 3900 727 
10 2 978 4595 981 
10 2 2911 4391 3741 
10 2 1863 4686 1112 
10 2 2432 4794 4706 
10 2 1652 4582 1653 
10 2 703 4211 1907 
10 2 2887 3734 3567 
10 2 2593 4526 2092 
10 2 527 4616 655 
10 2 1689 3848 2580 
10 2 4045 4046 2619 
10 2 2309 3062 3061 
10 2 3438 3471 3435 
10 2 2016 3772 2015 
10 2 2239 2240 1774 
10 2 1489 3860 1833 
10 2 3879 4527 2629 
10 2 1201 4857 1199 
10 2 2094 4760 2532 
10 2 3457 3468 3455 
10 2 961 4689 3885 
10 2 2661 3819 3361 
10 2 3063 3291 3191 
10 2 1842 4139 2708 
10 2 2205 3691 2208 
10 2 2505 2765 2507 
10 2 2968 4624 3880 
10 2 3110 4810 2728 
10 2 3817 3918 935 
10 2 3474 3475 3472 
10 2 685 4462 3805 
10 2 1961 3624 1038 
10 2 2013 3856 3854 
10 2 3508 3511 3509 
10 2 2750 4898 2814 
10 2 2681 4609 921 
10 2 4102 4103 1868 
10 2 2339 4668 4509 
10 2 3526 3527 3525 
10 2 2492 3845 2294 
10 2 3436 3441 3439 
10 2 515 3726 514 
10 2 3030 4654 3614 
10 2 1816 3986 1577 
10 2 2545 4473 3834 
10 2 1059 4990 4864 
10 2 3795 3796 2059 
10 2 613 4725 2099 
10 2 4183 4541 3132 
10 2 2224 2225 2223 
10 2 2530 4383 3252 
10 2 3526 3529 3527 
10 2 728 4452 726 
10 2 1727 4563 1411 
10 2 3503 3510 3508 
10 2 3797 3799 3796 
10 2 1785 3960 2047 
10 2 2009 4383 2530 
10 2 3790 4026 3662 
10 2 1134 1135 1133 
10 2 1310 1311 1309 
10 2 2005 4383 1806 
10 2 4953 4984 3010 
10 2 3584 4760 3604 
10 2 1742 4596 1143 
10 2 2378 3748 1312 
10 2 2877 3687 2544 
10 2 2318 4565 2317 
10 2 3118 4860 4770 
10 2 3229 4828 4670 
10 2 4413 4779 3629 
10 2 1298 3697 1293 
10 2 2292 4304 1844 
10 2 3015 3016 2453 
10 2 2612 4295 3883 
10 2 2978 4891 3805 
10 2 1248 4561 917 
10 2 942 4155 2702 
10 2 1639 3658 1641 
10 2 3453 3456 3455 
10 2 1152 1158 1157 
10 2 2235 2241 2236 
10 2 2353 3824 3823 
10 2 3823 4284 2353 
10 2 466 4213 465 
10 2 1349 1350 1348 
10 2 2013 3853 2014 
10 2 3665 3666 2097 
10 2 2323 4932 2876 
10 2 4751 4752 2455 
10 2 3396 3397 3394 
10 2 3601 4558 1752 
10 2 3884 4621 2691 
10 2 4864 4990 3590 
10 2 1878 3576 2578 
10 2 3522 3523 1971 
10 2 3669 4913 3497 
10 2 1350 3926 2583 
10 2 2162 2309 2164 
10 2 2624 4107 3915 
10 2 4649 4908 4697 
10 2 2048 3502 1144 
10 2 4068 4995 2124 
10 2 1001 4710 1002 
10 2 4650 4709 2939 
10 2 1154 2324 1156 
10 2 1757 1827 1210 
10 2 1974 2086 1975 
10 2 2019 3772 2016 
10 2 2967 4591 4590 
10 2 2972 4702 4695 
10 2 3393 3395 3390 
10 2 1035 1037 1036 
10 2 1050 3672 1052 
10 2 1972 3522 1161 
10 2 1205 4677 2569 
10 2 2583 4681 4571 
10 2 2920 4659 2919 
10 2 1204 1205 1203 
10 2 1212 2564 1755 
10 2 1220 4741 1223 
10 2 2333 3698 3697 
10 2 1399 3925 192 
10 2 934 3914 936 
10 2 718 3733 720 
10 2 1008 1011 1010 
10 2 1056 1059 1058 
10 2 1084 3615 1087 
10 2 2983 2990 2435 
10 2 460 3838 558 
10 2 1216 3757 677 
10 2 936 939 938 
10 2 1107 4686 1115 
10 2 4766 4778 3855 
10 2 2596 3918 3817 
10 2 3795 3797 3796 
10 2 971 4454 968 
10 2 1007 3699 1004 
10 2 3748 4727 4626 
10 2 3733 4640 723 
10 2 1067 4989 1068 
10 2 1930 4789 4589 
10 2 3756 3758 3757 
10 2 3902 4458 4398 
10 2 2352 4579 2353 
10 2 674 3880 676 
10 2 937 3817 935 
10 2 941 4074 938 
10 2 1029 1647 1027 
10 2 1045 4564 1042 
10 2 1094 4846 3792 
10 2 3616 3708 2569 
10 2 2732 3946 2997 
10 2 3821 4872 4831 
10 2 2508 2510 2509 
10 2 1022 3618 1021 
10 2 1263 3918 2596 
10 2 2095 3900 3631 
10 2 3700 3702 2126 
10 2 4836 5013 2344 
10 2 2452 3014 2453 
10 2 2596 3816 2597 
10 2 4221 4782 2680 
10 2 2712 4600 4562 
10 2 2283 4104 1802 
10 2 2965 4905 3618 
10 2 2439 3009 2448 
10 2 2887 4564 3734 
10 2 3493 4886 2905 
10 2 3737 3811 3591 
10 2 508 4768 507 
10 2 2100 4792 4083 
10 2 3816 4823 2710 
10 2 4418 4621 3884 
10 2 1487 3860 1489 
10 2 4505 4731 3741 
10 2 2339 4508 1276 
10 2 2348 4147 1604 
10 2 1639 4630 3658 
10 2 1740 2329 2045 
10 2 1944 4076 2720 
10 2 2449 2451 1963 
10 2 4162 4478 2100 
10 2 1053 4628 3742 
10 2 1623 3946 3789 
10 2 3658 4105 2421 
10 2 2505 2507 2506 
10 2 2508 2511 2510 
10 2 2698 2920 2919 
10 2 87 3923 594 
10 2 2547 2788 2285 
10 2 4659 4733 2122 
10 2 2737 4469 1304 
10 2 1641 3658 1678 
10 2 2270 2467 2160 
10 2 4875 4916 2424 
10 2 3444 3445 3443 
10 2 3938 3939 2415 
10 2 2765 3019 2507 
10 2 2919 4659 4632 
10 2 2279 3420 2180 
10 2 2595 4162 1249 
10 2 1295 1299 1298 
10 2 1673 4838 1851 
10 2 2301 3899 1739 
10 2 2986 3671 2487 
10 2 2601 3938 3919 
10 2 4670 4828 3141 
10 2 3539 3540 3537 
10 2 3670 4731 4505 
10 2 1087 1090 1088 
10 2 1812 3640 1200 
10 2 1251 1252 1250 
10 2 2928 3883 2350 
10 2 3970 4044 891 
10 2 1655 4582 1652 
10 2 1237 3771 1234 
10 2 1355 3926 1352 
10 2 2316 3807 3026 
10 2 3821 4831 3820 
10 2 4398 4458 893 
10 2 2888 4529 1951 
10 2 1676 4765 1674 
10 2 2239 2756 2445 
10 2 2562 2836 2762 
10 2 3026 4247 3201 
10 2 1256 1260 1257 
10 2 2025 2085 2024 
10 2 2527 3561 2024 
10 2 1654 4793 4610 
10 2 2788 3569 2285 
10 2 186 3967 542 
10 2 1726 2049 1727 
10 2 4049 4092 1853 
10 2 3522 4966 3523 
10 2 4693 4957 4582 
10 2 4659 4969 4733 
10 2 1632 1799 1633 
10 2 2341 3028 2299 
10 2 3538 3539 3537 
10 2 3807 4247 3026 
10 2 1194 4836 2344 
10 2 1859 1980 1966 
10 2 2518 2839 2838 
10 2 2592 4756 3609 
10 2 3545 3547 3544 
10 2 2110 3986 1816 
10 2 2862 3521 2461 
10 2 4126 4480 3094 
10 2 3711 3712 3710 
10 2 2034 3960 1785 
10 2 2446 2474 2240 
10 2 2461 2561 2462 
10 2 3662 4026 2852 
10 2 2939 4709 3791 
10 2 4414 4415 644 
10 2 1952 4984 4953 
10 2 3951 3952 2034 
10 2 2592 3495 2332 
10 2 2561 3402 2562 
10 2 2541 4653 3142 
10 2 2624 3932 2109 
10 2 3822 3823 2617 
10 2 4086 4592 4436 
10 2 4484 4513 4141 
10 2 1696 3719 228 
10 2 3942 4637 1271 
10 2 2812 4447 2570 
10 2 1979 4463 2740 
10 2 2832 3128 2466 
10 2 2795 3195 2494 
10 2 3254 3413 3412 
10 2 3379 3385 3381 
10 2 2213 2215 2214 
10 2 241 3857 553 
10 2 1319 4381 457 
10 2 1712 4213 466 
10 2 2576 3558 3058 
10 2 3983 4435 4422 
10 2 722 3962 721 
10 2 4045 4146 887 
10 2 1892 4063 2613 
10 2 2785 3175 2891 
10 2 3496 4447 2812 
10 2 2053 4622 2589 
10 2 2587 4640 3733 
10 2 2713 4889 4801 
10 2 3368 3369 3108 
10 2 3803 3964 3489 
10 2 3426 3491 3424 
10 2 1728 4573 1225 
10 2 2077 4500 2036 
10 2 2226 3431 2223 
10 2 2579 4627 2076 
10 2 2231 2232 2230 
10 2 1582 3740 495 
10 2 3750 4400 753 
10 2 1826 4463 1979 
10 2 4148 4520 4519 
10 2 2065 3612 2286 
10 2 2276 3766 2252 
10 2 3605 4524 2891 
10 2 3642 3643 3641 
10 2 2753 2760 1201 
10 2 579 3752 300 
10 2 615 3825 473 
10 2 1722 4652 1721 
10 2 2251 2483 2077 
10 2 2503 3067 2276 
10 2 723 4640 3900 
10 2 1819 4025 2695 
10 2 3841 4064 2613 
10 2 3799 3812 3796 
10 2 2734 2977 1949 
10 2 2159 2161 2160 
10 2 1700 3694 247 
10 2 999 3769 2609 
10 2 2238 2250 2237 
10 2 2436 4919 2267 
10 2 351 3833 588 
10 2 615 3826 3825 
10 2 3822 4284 3823 
10 2 207 4517 206 
10 2 2612 3883 3882 
10 2 3671 4632 1938 
10 2 2519 3152 3151 
10 2 1697 3776 322 
10 2 2519 3151 2815 
10 2 2532 3265 3264 
10 2 1303 4547 1981 
10 2 683 3878 680 
10 2 2266 4794 2432 
10 2 1103 3792 1111 
10 2 1629 1630 1628 
10 2 2337 4683 2336 
10 2 693 3664 1231 
10 2 1907 4211 3863 
10 2 2233 2259 2234 
10 2 2787 4104 2283 
10 2 2535 4089 2352 
10 2 1974 2882 2086 
10 2 3187 3290 2849 
10 2 2918 4513 4484 
10 2 4477 4656 2989 
10 2 3792 4846 4841 
10 2 2225 2226 2223 
10 2 2127 3700 2126 
10 2 3562 3564 3563 
10 2 4148 4519 4064 
10 2 2531 3362 2482 
10 2 2730 4442 695 
10 2 2355 3850 1244 
10 2 2684 4220 713 
10 2 2224 3516 2225 
10 2 2558 4036 261 
10 2 1610 4600 4418 
10 2 2347 4724 4392 
10 2 3761 4784 3942 
10 2 766 4098 1523 
10 2 3790 4650 2910 
10 2 2660 3910 3754 
10 2 3100 3845 2492 
10 2 2745 2845 2744 
10 2 3942 4784 4637 
10 2 2470 2822 2261 
10 2 2925 3901 2400 
10 2 2763 2769 2764 
10 2 3369 3370 3108 
10 2 2382 4591 2967 
10 2 1348 3914 934 
10 2 2448 4965 1302 
10 2 3940 4541 4183 
10 2 4551 4588 4499 
10 2 1111 3792 2995 
10 2 3940 4182 1482 
10 2 2454 5052 2452 
10 2 3612 3613 3046 
10 2 3847 4929 4874 
10 2 4087 4373 867 
10 2 2263 3920 2525 
10 2 3201 4247 3204 
10 2 1638 4689 965 
10 2 2165 2167 2166 
10 2 3952 3960 2034 
10 2 2927 4170 3862 
10 2 3372 3376 3373 
10 2 69 4081 619 
10 2 1014 1016 1015 
10 2 1799 3578 2249 
10 2 4089 4579 2352 
10 2 768 4098 766 
10 2 3916 3917 1322 
10 2 2108 4423 2928 
10 2 2249 2795 2494 
10 2 2720 4712 2993 
10 2 1656 1657 1655 
10 2 932 3918 930 
10 2 1018 1020 1019 
10 2 1158 3629 1782 
10 2 3231 3680 2552 
10 2 3664 3744 1231 
10 2 645 3713 10 
10 2 196 3911 544 
10 2 961 3885 2712 
10 2 2471 2853 2470 
10 2 3762 3763 2595 
10 2 523 4644 522 
10 2 2165 2168 2167 
10 2 2239 2445 2240 
10 2 2250 2544 2537 
10 2 2471 2854 2853 
10 2 2852 4026 2346 
10 2 1118 1872 1117 
10 2 2339 4509 4508 
10 2 358 3916 1322 
10 2 2308 4573 1728 
10 2 4783 4788 4485 
10 2 692 4442 690 
10 2 1187 2746 1189 
10 2 1741 2312 2065 
10 2 3594 3595 3593 
10 2 3966 3967 187 
10 2 1087 3615 1146 
10 2 461 3838 460 
10 2 2013 3854 3853 
10 2 2103 3913 2106 
10 2 3663 4029 2902 
10 2 2488 2728 2487 
10 2 352 3833 351 
10 2 2619 4146 4045 
10 2 2331 4977 4545 
10 2 2460 2870 2868 
10 2 3070 3233 2793 
10 2 3619 4922 2950 
10 2 1508 3802 302 
10 2 3500 4862 1149 
10 2 1326 4419 1328 
10 2 2177 2178 2175 
10 2 3002 3606 2481 
10 2 2740 2789 2739 
10 2 3063 3191 3064 
10 2 3793 4039 1534 
10 2 3094 4480 2472 
10 2 2634 4092 2632 
10 2 2638 4270 4184 
10 2 1115 3611 1714 
10 2 1650 1652 1651 
10 2 3405 3408 3407 
10 2 3775 3834 3773 
10 2 2505 2506 2504 
10 2 2300 4696 1821 
10 2 1665 3848 1664 
10 2 18 3721 1539 
10 2 2192 2314 2190 
10 2 4818 4995 2903 
10 2 2583 3914 1348 
10 2 1411 4563 2404 
10 2 1839 4139 1842 
10 2 4671 4804 3184 
10 2 81 3978 80 
10 2 1488 3869 1486 
10 2 2348 4148 4064 
10 2 1758 2027 2026 
10 2 1820 4025 1819 
10 2 1944 2720 2419 
10 2 3001 3002 2481 
10 2 980 4566 979 
10 2 1396 4722 4295 
10 2 208 3837 1400 
10 2 2327 3964 1897 
10 2 2513 2767 2516 
10 2 3761 3941 3760 
10 2 3866 4141 4140 
10 2 1194 1195 1193 
10 2 3391 3393 3390 
10 2 3866 4441 4141 
10 2 43 3722 1537 
10 2 2705 4554 1169 
10 2 4085 4373 4087 
10 2 1026 1028 1027 
10 2 920 3762 918 
10 2 1035 1959 1037 
10 2 1299 4547 1303 
10 2 1438 4194 1899 
10 2 2179 2181 2180 
10 2 88 3923 87 
10 2 1035 3579 1959 
10 2 4233 4528 4481 
10 2 1010 3724 1290 
10 2 2928 3912 3882 
10 2 4466 4535 4263 
10 2 594 3887 86 
10 2 3915 3932 2624 
10 2 2729 4902 2974 
10 2 4580 4692 1978 
10 2 1079 4813 1202 
10 2 4809 4841 2429 
10 2 1125 1127 1126 
10 2 1161 3522 1971 
10 2 1213 4678 4677 
10 2 1315 4643 4608 
10 2 2333 3705 3698 
10 2 4102 4394 4104 
10 2 1943 4166 706 
10 2 4805 4822 3863 
10 2 4184 4270 4269 
10 2 1322 3985 357 
10 2 1013 1014 1012 
10 2 2233 2234 2231 
10 2 3252 3253 3251 
10 2 895 4505 3741 
10 2 1588 4702 982 
10 2 1081 1082 1080 
10 2 2281 2784 2542 
10 2 3225 3226 2779 
10 2 725 3962 722 
10 2 1593 1595 1594 
10 2 706 4166 708 
10 2 1534 4039 759 
10 2 1052 3672 1055 
10 2 2420 3853 2992 
10 2 3787 3788 3253 
10 2 1649 2965 1647 
10 2 2151 2154 2153 
10 2 2177 3598 2179 
10 2 928 3861 931 
10 2 3633 3800 989 
10 2 3932 3934 2109 
10 2 3473 3533 2216 
10 2 930 3918 1263 
10 2 1806 4383 2009 
10 2 3864 4140 2106 
10 2 2140 2141 2139 
10 2 2694 4580 4498 
10 2 3451 3453 3452 
10 2 1907 4170 705 
10 2 4422 4435 1436 
10 2 1803 3856 2013 
10 2 3784 3785 3783 
10 2 723 3900 724 
10 2 1023 3602 1147 
10 2 1212 3518 2564 
10 2 1304 4469 1300 
10 2 1726 1727 1411 
10 2 3393 3399 3395 
10 2 1198 1812 1200 
10 2 2261 4848 2230 
10 2 2576 3623 3558 
10 2 2698 4418 2920 
10 2 3206 3207 3205 
10 2 3681 3682 3680 
10 2 1343 4185 419 
10 2 1023 1147 1025 
10 2 4080 4561 1248 
10 2 2724 4132 2723 
10 2 731 4452 728 
10 2 1291 3886 1009 
10 2 646 3794 30 
10 2 998 1883 997 
10 2 1058 1635 1057 
10 2 3897 4155 1367 
10 2 634 4032 488 
10 2 4557 4606 2938 
10 2 3631 4640 4509 
10 2 1184 3689 516 
10 2 2716 4454 971 
10 2 4631 4639 3284 
10 2 3846 4617 897 
10 2 1067 1068 1066 
10 2 2452 2453 1960 
10 2 3839 3864 2106 
10 2 2106 3913 3839 
10 2 2728 2986 2487 
10 2 1061 1062 1060 
10 2 4746 4788 2430 
10 2 2460 2883 2870 
10 2 4076 4077 2720 
10 2 2562 2762 2758 
10 2 2816 3870 3327 
10 2 2248 2950 2802 
10 2 2903 2904 2737 
10 2 1434 4194 1438 
10 2 1929 2660 1634 
10 2 1708 4124 4123 
10 2 2695 4025 3870 
10 2 1053 3742 2741 
10 2 4574 4579 2907 
10 2 1318 3838 461 
10 2 676 3880 679 
10 2 1396 4295 4232 
10 2 2796 3163 3162 
10 2 3778 5019 5017 
10 2 1032 1034 1033 
10 2 4677 4881 2569 
10 2 178 3937 1397 
10 2 780 3945 778 
10 2 1065 2732 2731 
10 2 1769 4657 1243 
10 2 1879 4635 1703 
10 2 3159 3160 2537 
10 2 2625 4510 4066 
10 2 907 4844 3814 
10 2 1725 3807 1278 
10 2 1591 2409 1593 
10 2 2458 3603 2459 
10 2 1174 1177 1173 
10 2 2400 3901 2114 
10 2 3786 4984 4972 
10 2 891 4391 3970 
10 2 2055 2522 2308 
10 2 2925 4458 3901 
10 2 290 3818 1284 
10 2 2938 4131 4093 
10 2 563 4171 109 
10 2 696 4641 699 
10 2 1173 4465 1175 
10 2 4654 4808 1738 
10 2 2458 2459 2083 
10 2 4020 4606 4557 
10 2 362 4123 361 
10 2 1368 4530 946 
10 2 1162 1972 1161 
10 2 1865 4699 1866 
10 2 3005 4912 1923 
10 2 2114 2395 1988 
10 2 3934 3961 2109 
10 2 2928 4423 3912 
10 2 2911 3741 2726 
10 2 3970 4391 2911 
10 2 4534 4829 2988 
10 2 3934 4118 3961 
10 2 747 4233 744 
10 2 4104 4394 1560 
10 2 3523 3525 1971 
10 2 3489 3964 2327 
10 2 3984 4772 2608 
10 2 1095 1096 1092 
10 2 1894 4423 1895 
10 2 4419 4687 1894 
10 2 2490 3803 3557 
10 2 2541 3142 3140 
10 2 2775 3199 3198 
10 2 3841 4063 2951 
10 2 453 3928 1305 
10 2 1882 2060 2059 
10 2 2175 3692 2174 
10 2 2216 3533 2217 
10 2 2277 4961 2505 
10 2 2418 3739 2343 
10 2 952 953 950 
10 2 1182 1722 1721 
10 2 1226 4669 2408 
10 2 2149 2151 2150 
10 2 2164 4755 2165 
10 2 2708 4139 2912 
10 2 3512 4999 4959 
10 2 4044 4045 887 
10 2 4263 4535 889 
10 2 987 988 986 
10 2 1151 1153 1152 
10 2 1328 4419 1334 
10 2 3014 3015 2453 
10 2 2974 4902 4610 
10 2 3248 3250 3249 
10 2 3903 4466 3976 
10 2 3971 4046 4045 
10 2 1263 2596 1885 
10 2 3503 3505 2039 
10 2 2444 2543 2258 
10 2 3035 4565 2318 
10 2 5062 5077 3129 
10 2 759 4039 756 
10 2 1678 3658 2421 
10 2 2626 4510 2625 
10 2 2938 4606 4131 
10 2 3423 3425 3424 
10 2 4510 4539 4066 
10 2 3996 3997 601 
10 2 1849 2594 1361 
10 2 1522 4146 2619 
10 2 2574 3498 2575 
10 2 2594 3791 2914 
10 2 2914 4439 4096 
10 2 4610 4793 2974 
10 2 3860 4871 4735 
10 2 1008 1010 1009 
10 2 1677 1767 1676 
10 2 2194 2196 2195 
10 2 3848 4479 2580 
10 2 3822 4107 2624 
10 2 3456 3457 3455 
10 2 664 3735 667 
10 2 770 4464 772 
10 2 773 2686 771 
10 2 1482 4182 1478 
10 2 3980 4199 1479 
10 2 1686 3940 1482 
10 2 3986 4514 1577 
10 2 1579 4117 1823 
10 2 1617 4226 1619 
10 2 1621 4226 1617 
10 2 2118 4144 1620 
10 2 1832 3790 3662 
10 2 4092 4804 1853 
10 2 2617 2699 1934 
10 2 2298 2495 2029 
10 2 2173 2176 2175 
10 2 2345 4026 2910 
10 2 2548 2851 2346 
10 2 4196 4449 2413 
10 2 3936 4107 2605 
10 2 2640 2641 2639 
10 2 3132 4541 3133 
10 2 3184 4804 3716 
10 2 3940 4183 4182 
10 2 783 3945 780 
10 2 2673 3735 1484 
10 2 1514 4433 1517 
10 2 1538 4482 4428 
10 2 2102 3913 2103 
10 2 2188 2745 2744 
10 2 2353 4579 3824 
10 2 3036 3138 2641 
10 2 3274 3276 2781 
10 2 3915 4107 3936 
10 2 4274 4369 2637 
10 2 3903 4535 4466 
10 2 209 4109 3837 
10 2 4013 4106 602 
10 2 881 4403 878 
10 2 1002 1004 1003 
10 2 1384 4084 1387 
10 2 1773 4538 1392 
10 2 1414 4286 4241 
10 2 1500 4425 4163 
10 2 2367 4156 1548 
10 2 1549 1916 1915 
10 2 1550 4408 2657 
10 2 1748 4100 1747 
10 2 1905 4040 1809 
10 2 1857 4047 4031 
10 2 4031 4366 1857 
10 2 1903 4402 1904 
10 2 1995 3947 1992 
10 2 1996 3948 2477 
10 2 4267 4493 2008 
10 2 3875 4404 2102 
10 2 2111 4681 3926 
10 2 2247 2535 2352 
10 2 2491 3890 2247 
10 2 4133 4134 2319 
10 2 4150 4151 2369 
10 2 2374 2960 2630 
10 2 2605 3945 3936 
10 2 2915 4404 2606 
10 2 2622 4329 3271 
10 2 2658 4224 4099 
10 2 2665 4334 4189 
10 2 2804 4361 4114 
10 2 3039 3293 2805 
10 2 2916 4382 3840 
10 2 2945 4356 4094 
10 2 4451 4540 2960 
10 2 3218 3330 3219 
10 2 3866 4140 3864 
10 2 3934 4150 4118 
10 2 4022 4373 4085 
10 2 1002 1003 1000 
10 2 1498 4163 2113 
10 2 4099 4353 2658 
10 2 2949 4122 2934 
10 2 204 3904 1778 
10 2 1013 3910 3620 
10 2 1677 1768 1767 
10 2 2451 2761 1963 
10 2 2600 4859 3832 
10 2 3588 4596 3367 
10 2 514 3726 637 
10 2 1062 1063 1060 
10 2 1062 1064 1063 
10 2 3387 3575 2033 
10 2 2048 3504 3502 
10 2 1031 1032 1030 
10 2 4388 4673 2673 
10 2 2749 2774 2552 
10 2 2874 3587 2875 
10 2 1994 2473 2280 
10 2 3614 4627 2579 
10 2 301 3802 579 
10 2 1884 4655 929 
10 2 1777 4511 1296 
10 2 1391 4023 1385 
10 2 1897 3964 1898 
10 2 2038 2077 2036 
10 2 3250 4432 3249 
10 2 2242 3911 197 
10 2 1041 4564 2887 
10 2 1637 4630 1639 
10 2 2017 3853 2420 
10 2 2053 2589 2313 
10 2 2575 2593 2092 
10 2 3769 4626 2609 
10 2 302 3802 301 
10 2 1405 1407 1406 
10 2 2037 2038 2036 
10 2 3852 4410 3851 
10 2 2014 2015 2012 
10 2 2530 3252 3251 
10 2 2740 3262 3261 
10 2 3436 3439 3437 
10 2 958 959 956 
10 2 1681 2441 1159 
10 2 1293 3697 1291 
10 2 1859 1966 1957 
10 2 3666 3667 2097 
10 2 3404 3409 3405 
10 2 773 4376 2687 
10 2 972 4113 975 
10 2 2063 2484 2287 
10 2 3903 3975 2395 
10 2 3246 3247 2787 
10 2 3112 3113 2837 
10 2 1611 3880 674 
10 2 1396 4232 730 
10 2 1097 3554 1092 
10 2 1797 2248 1939 
10 2 3453 3454 3452 
10 2 3903 3976 3975 
10 2 2980 4074 941 
10 2 2063 3676 2484 
10 2 2169 2170 2167 
10 2 2498 2785 2257 
10 2 2144 2460 2315 
10 2 2201 2203 2202 
10 2 1038 1040 1039 
10 2 1091 1092 1089 
10 2 1209 1210 1208 
10 2 1577 4514 1573 
10 2 2162 3653 2309 
10 2 2924 4806 3846 
10 2 1017 3621 2573 
10 2 2500 2501 2046 
10 2 3973 4967 1123 
10 2 2011 2545 2283 
10 2 2270 4998 2848 
10 2 3936 3945 783 
10 2 1044 1046 1045 
10 2 1475 4440 1477 
10 2 1653 1730 1683 
10 2 1693 2023 1923 
10 2 1946 2425 2107 
10 2 2141 2142 2139 
10 2 4700 4711 2404 
10 2 4121 4277 2960 
10 2 4279 4431 4430 
10 2 4831 4872 1835 
10 2 3635 3638 3637 
10 2 101 4249 100 
10 2 4379 4701 2107 
10 2 1179 1180 1176 
10 2 3814 4844 4811 
10 2 516 3689 515 
10 2 1234 3771 1232 
10 2 1631 1793 1630 
10 2 3730 3731 2473 
10 2 2618 4353 4099 
10 2 4150 4490 4151 
10 2 1169 4554 1171 
10 2 1237 3850 3771 
10 2 1278 3807 1702 
10 2 1666 3720 2117 
10 2 2148 2288 2149 
10 2 2329 4083 3737 
10 2 2798 4555 3828 
10 2 2100 4083 1259 
10 2 4481 4528 4034 
10 2 1766 1863 1112 
10 2 3759 4791 2154 
10 2 2197 2198 2195 
10 2 2418 4910 3739 
10 2 586 3924 340 
10 2 561 4019 444 
10 2 4239 4495 877 
10 2 2225 2228 2227 
10 2 4184 4269 2358 
10 2 4431 4611 4597 
10 2 984 985 983 
10 2 1975 2025 2024 
10 2 2023 2492 2294 
10 2 3983 4487 2962 
10 2 1595 2901 1994 
10 2 1714 2295 2000 
10 2 36 4414 644 
10 2 2741 4797 1051 
10 2 1121 1123 1122 
10 2 2317 3851 1718 
10 2 2521 4622 2049 
10 2 2191 2192 2190 
10 2 2233 3634 2479 
10 2 1626 1629 1628 
10 2 2904 3494 3493 
10 2 1429 4212 739 
10 2 2817 2892 2300 
10 2 4476 4528 2607 
10 2 3109 3110 2728 
10 2 2863 3091 2862 
10 2 3229 3230 3228 
10 2 3448 3450 3449 
10 2 4282 4437 4283 
10 2 457 4381 456 
10 2 1074 1075 1072 
10 2 2148 3605 2485 
10 2 4536 4602 2403 
10 2 3156 3943 2751 
10 2 3427 3429 3421 
10 2 2717 4710 1001 
10 2 1147 1149 1148 
10 2 4637 4784 1725 
10 2 1986 4480 4126 
10 2 2162 2164 2163 
10 2 2440 2808 2807 
10 2 2532 3264 2778 
10 2 1147 3500 1149 
10 2 4372 4448 3758 
10 2 940 941 938 
10 2 940 942 941 
10 2 3615 3616 1146 
10 2 2043 2523 2337 
10 2 4131 4518 4093 
10 2 2416 3861 926 
10 2 2616 2709 1931 
10 2 2490 3964 3803 
10 2 4379 4847 2681 
10 2 2937 4663 2939 
10 2 944 4155 942 
10 2 1056 1058 1057 
10 2 2148 2485 2288 
10 2 3139 3951 2641 
10 2 551 4866 3908 
10 2 1262 4214 2899 
10 2 1270 3872 2414 
10 2 1259 1739 1258 
10 2 2078 2251 2077 
10 2 2561 2562 2462 
10 2 3649 3650 3648 
10 2 3806 4891 4669 
10 2 1443 3898 74 
10 2 4852 4907 1193 
10 2 1841 4304 1840 
10 2 2480 2481 1953 
10 2 2960 4277 2630 
10 2 3875 4402 2921 
10 2 2921 4404 3875 
10 2 702 4527 1441 
10 2 2045 2340 2299 
10 2 2906 3813 3690 
10 2 863 4369 4274 
10 2 2645 4397 4231 
10 2 4504 4787 2930 
10 2 3413 3416 3412 
10 2 2713 3962 725 
10 2 2914 4073 1361 
10 2 2399 2400 2114 
10 2 2711 4822 4805 
10 2 2914 4096 4073 
10 2 4749 4823 4074 
10 2 1050 1051 1048 
10 2 1050 1052 1051 
10 2 1164 1624 1623 
10 2 1246 2022 2021 
10 2 1306 1308 1307 
10 2 1762 3961 1695 
10 2 1992 3947 2273 
10 2 2927 4783 4485 
10 2 581 4202 310 
10 2 1164 3556 1624 
10 2 1233 3744 1238 
10 2 1297 4879 2439 
10 2 1906 3875 2102 
10 2 2253 2759 2334 
10 2 3197 3610 2894 
10 2 2913 3935 2895 
10 2 778 3945 1380 
10 2 882 4146 1522 
10 2 970 972 971 
10 2 1306 2588 1308 
10 2 1553 2602 1555 
10 2 2264 2771 2528 
10 2 4244 4349 2390 
10 2 2576 3058 3057 
10 2 4983 5036 3688 
10 2 1111 1112 1107 
10 2 1385 4023 1383 
10 2 4584 4634 2119 
10 2 2884 4688 2885 
10 2 3701 3703 3700 
10 2 454 3928 453 
10 2 1099 3696 657 
10 2 1117 1163 1109 
10 2 1823 4117 2405 
10 2 1932 4424 2973 
10 2 2425 2958 2107 
10 2 2884 2885 2341 
10 2 3805 4891 3806 
10 2 949 4409 1403 
10 2 993 994 992 
10 2 1688 4838 1673 
10 2 1937 4785 1936 
10 2 2141 2143 2142 
10 2 2420 2992 2991 
10 2 2763 2764 2446 
10 2 2696 4580 2694 
10 2 176 540 175 
10 2 181 541 180 
10 2 186 542 185 
10 2 191 543 190 
10 2 196 544 195 
10 2 201 545 200 
10 2 206 546 205 
10 2 211 547 210 
10 2 216 548 215 
10 2 221 549 220 
10 2 226 550 225 
10 2 231 551 230 
10 2 236 552 235 
10 2 241 553 240 
10 2 246 554 245 
10 2 251 555 250 
10 2 345 4468 344 
10 2 1004 3699 1003 
10 2 1726 4576 2271 
10 2 1794 2036 2035 
10 2 1801 4198 4197 
10 2 2151 2152 2150 
10 2 2196 2197 2195 
10 2 2281 4723 2784 
10 2 2723 4132 3774 
10 2 669 4673 4077 
10 2 1236 1243 1237 
10 2 2769 3032 3031 
10 2 3628 5044 5037 
10 2 474 615 473 
10 2 3715 4921 651 
10 2 854 4308 853 
10 2 1028 1030 1029 
10 2 1278 1279 1276 
10 2 1641 1643 1642 
10 2 256 3755 255 
10 2 603 4406 407 
10 2 484 635 483 
10 2 489 634 488 
10 2 494 633 493 
10 2 499 632 498 
10 2 504 631 503 
10 2 509 630 508 
10 2 514 637 513 
10 2 519 636 518 
10 2 767 4234 1473 
10 2 1028 1029 1027 
10 2 1243 1737 1244 
10 2 1363 4065 3991 
10 2 1562 1868 1813 
10 2 2176 2177 2175 
10 2 2295 2879 2803 
10 2 2316 3025 2320 
10 2 2316 3026 3025 
10 2 2769 3031 2764 
10 2 3684 3685 3114 
10 2 3456 3465 3458 
10 2 524 638 523 
10 2 936 938 937 
10 2 946 947 944 
10 2 2306 3387 2033 
10 2 2136 2137 2135 
10 2 2153 4942 2152 
10 2 2389 4135 4095 
10 2 3781 3784 3783 
10 2 145 3987 570 
10 2 375 4051 624 
10 2 398 3996 601 
10 2 403 4013 602 
10 2 408 4015 603 
10 2 435 4052 1346 
10 2 870 4408 1550 
10 2 936 937 935 
10 2 1624 1626 1625 
10 2 1706 4445 2633 
10 2 1726 2271 2049 
10 2 2205 2207 2206 
10 2 2389 4095 4094 
10 2 349 1445 348 
10 2 3707 3820 659 
10 2 1434 1437 1435 
10 2 2266 2432 2267 
10 2 2270 2848 2847 
10 2 4151 4490 4385 
10 2 173 627 172 
10 2 364 3889 363 
10 2 1323 4201 746 
10 2 1113 4949 1766 
10 2 1119 2455 1121 
10 2 1587 2079 1277 
10 2 2347 2348 1604 
10 2 2463 4227 2104 
10 2 4509 4640 2587 
10 2 2962 4212 1429 
10 2 1969 4158 2115 
10 2 2785 2891 2257 
10 2 2850 3187 2849 
10 2 4007 4259 4010 
10 2 648 651 628 
10 2 1021 3618 2351 
10 2 1653 1682 1651 
10 2 1734 4055 4054 
10 2 4197 4314 1801 
10 2 1936 2070 1847 
10 2 2879 3372 3282 
10 2 529 2003 528 
10 2 1119 1121 1120 
10 2 1156 1162 1161 
10 2 1804 1805 1261 
10 2 2439 2448 1302 
10 2 2023 2576 2492 
10 2 2185 2187 2186 
10 2 2382 2967 2902 
10 2 2674 4540 4451 
10 2 2777 4576 4502 
10 2 2816 3327 3326 
10 2 4247 4784 3204 
10 2 966 1637 965 
10 2 1351 1353 1352 
10 2 1706 2633 2632 
10 2 1774 3536 2074 
10 2 2529 2579 2076 
10 2 4054 4133 2319 
10 2 3155 3156 2751 
10 2 339 1444 338 
10 2 867 4429 4087 
10 2 1353 1359 1358 
10 2 2161 2270 2160 
10 2 3256 3257 2634 
10 2 2786 3255 3246 
10 2 3118 3927 3119 
10 2 1580 4452 731 
10 2 1277 3943 2073 
10 2 1387 1389 1388 
10 2 1690 4425 1500 
10 2 1989 2399 2114 
10 2 2367 4157 4156 
10 2 3931 4458 2925 
10 2 3453 3455 3454 
10 2 3868 4395 3867 
10 2 4014 4268 4106 
10 2 363 3889 1708 
10 2 442 4027 621 
10 2 4357 4358 612 
10 2 1014 1015 1012 
10 2 1167 2705 1169 
10 2 2195 4546 2193 
10 2 2196 4667 2197 
10 2 2287 2748 2747 
10 2 2789 2790 2739 
10 2 2936 4377 4354 
10 2 749 4400 2608 
10 2 810 4078 1495 
10 2 1270 1272 1271 
10 2 1414 4241 1416 
10 2 1790 3827 1856 
10 2 2250 2877 2544 
10 2 3042 3043 2292 
10 2 2665 4189 2667 
10 2 811 3965 2636 
10 2 827 4342 4312 
10 2 852 854 853 
10 2 1131 2577 1129 
10 2 1167 1169 1168 
10 2 1480 1481 1479 
10 2 2145 3520 2144 
10 2 4093 4518 2363 
10 2 2423 2706 2601 
10 2 4998 5032 2848 
10 2 3169 4588 4551 
10 2 178 1397 177 
10 2 193 1399 192 
10 2 243 1402 242 
10 2 744 4233 742 
10 2 751 4021 4020 
10 2 751 4201 4021 
10 2 830 832 831 
10 2 1549 1915 1548 
10 2 1799 2249 1858 
10 2 2273 4420 1817 
10 2 1899 4194 2628 
10 2 2068 4119 2244 
10 2 2232 2261 2230 
10 2 2384 4326 2385 
10 2 2385 4363 2468 
10 2 2468 4362 3130 
10 2 2606 4404 2921 
10 2 2776 3122 3097 
10 2 3155 3157 3156 
10 2 3239 4366 4031 
10 2 179 3937 178 
10 2 359 3916 358 
10 2 624 4255 374 
10 2 597 4489 377 
10 2 601 4230 397 
10 2 1569 4195 765 
10 2 934 935 932 
10 2 972 974 973 
10 2 4173 4174 1451 
10 2 1500 4163 1498 
10 2 1915 2367 1548 
10 2 1899 2628 2357 
10 2 2946 4396 1918 
10 2 2643 4351 4350 
10 2 3770 4627 3614 
10 2 253 1581 252 
10 2 440 1347 439 
10 2 447 1317 446 
10 2 462 1318 461 
10 2 472 1360 471 
10 2 934 936 935 
10 2 1356 4607 1798 
10 2 1473 1475 1474 
10 2 4231 4397 2116 
10 2 487 1183 486 
10 2 492 1280 491 
10 2 496 1582 495 
10 2 501 1281 500 
10 2 506 1583 505 
10 2 507 3714 506 
10 2 511 1282 510 
10 2 517 1184 516 
10 2 648 3715 651 
10 2 1154 1155 1153 
10 2 1158 1782 1160 
10 2 1356 1357 1355 
10 2 1695 4118 1377 
10 2 1476 4199 1474 
10 2 2197 2200 2199 
10 2 4290 4320 2659 
10 2 95 623 94 
10 2 98 596 97 
10 2 100 1447 99 
10 2 626 4249 101 
10 2 522 1283 521 
10 2 808 3965 811 
10 2 859 4169 1536 
10 2 914 916 915 
10 2 1254 4162 2100 
10 2 1702 2316 1865 
10 2 1702 3807 2316 
10 2 1809 4040 1808 
10 2 4043 4225 2113 
10 2 2193 2291 2192 
10 2 2213 2216 2215 
10 2 2349 3656 3655 
10 2 3948 3949 2477 
10 2 2784 3281 3279 
10 2 3854 4767 3855 
10 2 3997 3999 3998 
10 2 258 650 257 
10 2 1327 4397 1325 
10 2 2647 4195 1569 
10 2 1842 2708 2707 
10 2 1927 2949 2934 
10 2 2146 2147 2145 
10 2 2181 2279 2180 
10 2 2182 2184 2183 
10 2 2185 2188 2187 
10 2 2520 3095 3068 
10 2 2960 4540 4121 
10 2 105 562 104 
10 2 108 1448 107 
10 2 110 563 109 
10 2 113 1449 112 
10 2 115 564 114 
10 2 118 1450 117 
10 2 120 565 119 
10 2 123 1451 122 
10 2 125 566 124 
10 2 128 1452 127 
10 2 130 567 129 
10 2 133 1453 132 
10 2 135 568 134 
10 2 138 1454 137 
10 2 140 569 139 
10 2 145 570 144 
10 2 1362 3987 146 
10 2 148 4405 147 
10 2 150 571 149 
10 2 155 572 154 
10 2 160 573 159 
10 2 165 574 164 
10 2 170 575 169 
10 2 3997 3998 601 
10 2 1175 1176 1172 
10 2 1339 4002 3996 
10 2 1340 4014 4013 
10 2 1341 4016 4015 
10 2 4354 4377 1564 
10 2 2701 4635 1879 
10 2 2197 2199 2198 
10 2 2442 2749 2552 
10 2 4159 4160 3868 
10 2 3868 4384 4159 
10 2 4007 4008 4005 
10 2 551 3905 230 
10 2 442 621 441 
10 2 1523 1570 1569 
10 2 2374 4451 2960 
10 2 2786 3246 2787 
10 2 4190 4399 4299 
10 2 234 3585 233 
10 2 1240 1241 1239 
10 2 1812 3642 3641 
10 2 2881 3179 2553 
10 2 2989 4656 2616 
10 2 3308 4114 2813 
10 2 3181 4115 2909 
10 2 3029 3082 3030 
10 2 3066 3084 3083 
10 2 4190 4438 4399 
10 2 591 3922 365 
10 2 693 1231 1230 
10 2 1612 4403 881 
10 2 933 1349 1348 
10 2 1046 1636 1045 
10 2 4088 4425 1690 
10 2 1691 4252 1753 
10 2 2155 2156 2153 
10 2 2168 2169 2167 
10 2 2366 4352 4315 
10 2 2589 3123 3045 
10 2 2693 4234 4096 
10 2 3118 3119 3117 
10 2 4311 4313 4243 
10 2 4443 4444 4393 
10 2 691 3664 693 
10 2 1076 1078 1077 
10 2 1205 2569 1203 
10 2 2645 4201 1323 
10 2 2022 2265 2264 
10 2 2159 2162 2161 
10 2 2277 2503 2276 
10 2 2545 2786 2283 
10 2 2480 2496 2481 
10 2 2544 3159 2537 
10 2 3241 4396 2946 
10 2 3058 3684 3114 
10 2 3511 3513 3512 
10 2 567 4175 129 
10 2 372 576 371 
10 2 375 624 374 
10 2 376 4051 375 
10 2 378 597 377 
10 2 380 1335 379 
10 2 383 598 382 
10 2 385 1336 384 
10 2 388 599 387 
10 2 390 1337 389 
10 2 393 600 392 
10 2 395 1338 394 
10 2 396 4229 395 
10 2 398 601 397 
10 2 400 1339 399 
10 2 1339 3996 399 
10 2 403 602 402 
10 2 405 1340 404 
10 2 1340 4013 404 
10 2 408 603 407 
10 2 410 1341 409 
10 2 1341 4015 409 
10 2 413 604 412 
10 2 415 1342 414 
10 2 418 605 417 
10 2 420 1343 419 
10 2 423 606 422 
10 2 425 1344 424 
10 2 428 607 427 
10 2 430 1345 429 
10 2 433 608 432 
10 2 435 1346 434 
10 2 436 4052 435 
10 2 438 609 437 
10 2 568 4178 4177 
10 2 1154 1156 1155 
10 2 1362 3988 3987 
10 2 4172 4173 1451 
10 2 2651 4119 2068 
10 2 2553 3920 2263 
10 2 2289 4153 2546 
10 2 4122 4219 2365 
10 2 2534 4355 2857 
10 2 2808 3278 3277 
10 2 3983 4422 2964 
10 2 4003 4006 4005 
10 2 4006 4259 4007 
10 2 4014 4106 4013 
10 2 4264 4266 4193 
10 2 1356 1798 1751 
10 2 1386 4335 1390 
10 2 2670 4403 1612 
10 2 1741 3743 2312 
10 2 2255 2480 1953 
10 2 2154 2155 2153 
10 2 3902 3903 2395 
10 2 2525 3797 3795 
10 2 3834 3881 2545 
10 2 3049 4605 2581 
10 2 2939 3791 2594 
10 2 4102 4104 2787 
10 2 2808 3277 2807 
10 2 644 3972 35 
10 2 776 777 774 
10 2 1137 1139 1138 
10 2 1390 4335 1773 
10 2 4138 4365 1565 
10 2 2286 2493 2330 
10 2 4118 4150 2369 
10 2 2375 4461 4277 
10 2 4087 4592 4086 
10 2 77 592 76 
10 2 82 593 81 
10 2 87 594 86 
10 2 92 595 91 
10 2 905 906 904 
10 2 1137 1138 1134 
10 2 1529 1734 1531 
10 2 2263 2525 2089 
10 2 2442 2552 2282 
10 2 2386 4303 2959 
10 2 2647 4514 4066 
10 2 2962 4435 3983 
10 2 209 3837 208 
10 2 233 1776 232 
10 2 1087 1146 1090 
10 2 1310 1315 1311 
10 2 2594 2914 1361 
10 2 1391 4042 4023 
10 2 2977 2978 1949 
10 2 2721 2722 2019 
10 2 2895 3489 2327 
10 2 2576 3057 2492 
10 2 3265 3584 3582 
10 2 67 1442 66 
10 2 369 622 368 
10 2 2043 2336 1180 
10 2 1354 1355 1352 
10 2 1741 2065 1742 
10 2 2630 4275 1925 
10 2 2101 2624 2109 
10 2 2599 3862 2603 
10 2 2860 3304 2812 
10 2 3529 3531 3530 
10 2 3775 3835 3834 
10 2 4160 4395 3868 
10 2 4001 4230 3998 
10 2 4009 4011 4008 
10 2 212 3963 211 
10 2 964 965 962 
10 2 964 966 965 
10 2 1047 1048 1046 
10 2 1190 3654 1188 
10 2 1379 4353 2618 
10 2 1380 2605 1934 
10 2 1619 4226 2034 
10 2 4485 4684 1943 
10 2 1979 2740 2739 
10 2 2805 3947 1995 
10 2 2221 2223 2222 
10 2 2380 4152 2394 
10 2 2597 2971 2598 
10 2 2695 2816 2696 
10 2 204 1778 203 
10 2 229 1696 228 
10 2 299 1286 298 
10 2 329 1287 328 
10 2 344 1288 343 
10 2 654 658 657 
10 2 955 1185 957 
10 2 1935 2355 1244 
10 2 1380 1934 1933 
10 2 1432 1434 1433 
10 2 1439 1440 1436 
10 2 4199 4200 1474 
10 2 1754 4515 1692 
10 2 1781 4265 2058 
10 2 2011 2283 1802 
10 2 2089 3795 2060 
10 2 3702 3847 2126 
10 2 2177 2179 2178 
10 2 2317 3852 3851 
10 2 2568 2871 2766 
10 2 2630 4276 4275 
10 2 2857 4355 4338 
10 2 3189 3190 3188 
10 2 3503 3508 3505 
10 2 4010 4259 4106 
10 2 47 1551 46 
10 2 1236 1237 1234 
10 2 1862 3848 1665 
10 2 1981 2704 2469 
10 2 2547 3268 3267 
10 2 2564 2567 2565 
10 2 2648 4307 4157 
10 2 189 1701 188 
10 2 198 2242 197 
10 2 223 1831 222 
10 2 248 1700 247 
10 2 772 4464 775 
10 2 883 4443 2380 
10 2 918 3762 1247 
10 2 986 1187 985 
10 2 1249 1251 1250 
10 2 1814 4643 1315 
10 2 1531 4054 1759 
10 2 1802 4104 1560 
10 2 1608 1792 1609 
10 2 2071 2491 2247 
10 2 2250 2537 2237 
10 2 2294 3006 3005 
10 2 2932 4041 2383 
10 2 2565 2568 2566 
10 2 2586 3670 2906 
10 2 2867 3166 2866 
10 2 3284 3323 3283 
10 2 564 4256 114 
10 2 565 4257 119 
10 2 149 4467 148 
10 2 153 4065 152 
10 2 239 1713 238 
10 2 401 4181 400 
10 2 419 4185 418 
10 2 444 4019 443 
10 2 856 4169 859 
10 2 918 1247 917 
10 2 1035 1036 1034 
10 2 1082 1083 1080 
10 2 1135 1142 1136 
10 2 1249 4162 1251 
10 2 1311 1313 1312 
10 2 2063 2064 1736 
10 2 1839 1840 1796 
10 2 1813 1947 1946 
10 2 2151 2153 2152 
10 2 2427 2502 2428 
10 2 2784 3279 2542 
10 2 2564 3404 2567 
10 2 3062 3108 3107 
10 2 3087 4456 4245 
10 2 3656 3657 3655 
10 2 876 4471 879 
10 2 1225 1764 1221 
10 2 1251 1254 1253 
10 2 1313 1314 1312 
10 2 1718 3851 1358 
10 2 1562 1813 1563 
10 2 1606 1608 1607 
10 2 4593 4775 1660 
10 2 1664 1689 1667 
10 2 2059 4652 1722 
10 2 2740 4463 3262 
10 2 3158 3941 3156 
10 2 482 3779 481 
10 2 1211 1757 1210 
10 2 1521 4387 4192 
10 2 1601 3770 1600 
10 2 1806 2009 1807 
10 2 2017 2420 2125 
10 2 3668 4545 3666 
10 2 757 758 756 
10 2 892 4391 891 
10 2 1082 1084 1083 
10 2 1226 2408 1729 
10 2 1411 2404 1409 
10 2 1619 2034 1785 
10 2 2090 2326 2325 
10 2 2541 3140 2727 
10 2 2950 3143 2802 
10 2 3026 3201 3200 
10 2 4383 4719 3252 
10 2 4126 4128 4127 
10 2 4188 4438 4190 
10 2 663 664 662 
10 2 669 4077 4076 
10 2 1088 1091 1089 
10 2 1135 1756 1142 
10 2 1182 1881 1722 
10 2 1316 2678 2426 
10 2 1359 1942 1719 
10 2 1691 1692 1481 
10 2 1558 1562 1559 
10 2 1566 4377 2393 
10 2 1619 1620 1616 
10 2 1663 1664 1662 
10 2 1855 2317 1718 
10 2 1876 2907 2084 
10 2 1882 2087 2060 
10 2 1944 2419 1945 
10 2 1966 3017 1957 
10 2 1981 2469 2300 
10 2 2032 2306 2033 
10 2 2102 4404 3913 
10 2 2114 3901 2395 
10 2 2253 2254 2252 
10 2 2346 4026 2345 
10 2 4141 4513 2372 
10 2 2838 2840 2517 
10 2 2571 2860 2812 
10 2 3582 3583 3266 
10 2 1366 3994 166 
10 2 404 4013 403 
10 2 409 4015 408 
10 2 476 1720 475 
10 2 4106 4259 602 
10 2 613 629 628 
10 2 933 934 932 
10 2 1160 1681 1159 
10 2 1343 4186 4185 
10 2 1770 1960 1681 
10 2 2406 4843 1732 
10 2 1857 4366 4322 
10 2 2709 4472 1931 
10 2 4140 4141 2372 
10 2 2500 4552 3055 
10 2 2804 4114 3292 
10 2 2907 4089 2908 
10 2 4181 4258 4006 
10 2 762 4195 761 
10 2 774 4376 773 
10 2 977 978 976 
10 2 1194 1196 1195 
10 2 1353 4532 1359 
10 2 1441 1597 1596 
10 2 1599 1600 1598 
10 2 1666 2117 1705 
10 2 1693 1923 1922 
10 2 2350 2895 2327 
10 2 2344 5013 4069 
10 2 3087 4245 2655 
10 2 3140 3141 2727 
10 2 3874 4845 4684 
10 2 3976 4466 4288 
10 2 128 4175 1452 
10 2 133 4177 1453 
10 2 150 3989 571 
10 2 160 3992 573 
10 2 727 2095 729 
10 2 963 964 962 
10 2 1220 1222 1218 
10 2 1220 1223 1222 
10 2 1251 1253 1252 
10 2 1413 1731 1412 
10 2 1808 4040 2296 
10 2 2087 2092 2088 
10 2 2625 3986 2110 
10 2 4240 4242 2368 
10 2 2368 4287 4240 
10 2 2571 2812 2570 
10 2 3523 3526 3525 
10 2 294 1285 293 
10 2 669 670 668 
10 2 709 2631 2629 
10 2 813 4320 4290 
10 2 879 4471 4444 
10 2 954 1610 953 
10 2 1334 4419 1894 
10 2 2561 3403 3402 
10 2 4066 4539 2647 
10 2 4273 4333 4272 
10 2 752 753 750 
10 2 779 780 778 
10 2 939 940 938 
10 2 1177 4465 1173 
10 2 1219 1220 1218 
10 2 1266 2587 1264 
10 2 1290 2755 1292 
10 2 1308 1309 1307 
10 2 1557 1558 1556 
10 2 1558 1559 1556 
10 2 1561 1802 1560 
10 2 1561 3856 1803 
10 2 1661 1662 1660 
10 2 2085 2527 2024 
10 2 4246 4503 2393 
10 2 2502 2782 2428 
10 2 2874 2875 2450 
10 2 3965 4367 2636 
10 2 2879 3282 2803 
10 2 566 4172 124 
10 2 141 4254 140 
10 2 146 3987 145 
10 2 151 3989 150 
10 2 1363 3989 151 
10 2 161 3992 160 
10 2 1365 3992 161 
10 2 379 3995 378 
10 2 1335 3995 379 
10 2 399 3996 398 
10 2 1342 4018 414 
10 2 3992 3993 573 
10 2 828 4342 827 
10 2 1026 1027 1024 
10 2 1139 2447 1141 
10 2 1151 1152 1150 
10 2 1212 1755 1213 
10 2 1279 2339 1276 
10 2 1351 1352 1350 
10 2 1358 4607 1354 
10 2 1363 3990 3989 
10 2 1389 1394 1388 
10 2 4241 4287 1416 
10 2 4701 4790 1559 
10 2 1587 2742 2079 
10 2 1661 4801 3720 
10 2 1826 1979 1950 
10 2 1922 4912 2418 
10 2 4323 4446 2367 
10 2 4086 4450 2371 
10 2 2469 2825 2817 
10 2 2678 4534 2988 
10 2 2733 3259 2791 
10 2 2773 3197 2894 
10 2 4122 4321 2934 
10 2 4229 4230 4001 
10 2 676 677 675 
10 2 873 4022 1382 
10 2 1256 1257 1255 
10 2 1438 1819 1437 
10 2 2032 2033 1752 
10 2 2669 4149 2070 
10 2 2092 4526 2088 
10 2 2851 2852 2346 
10 2 2705 4977 4554 
10 2 3817 4823 3816 
10 2 543 3944 190 
10 2 213 1716 212 
10 2 481 1093 480 
10 2 770 772 771 
10 2 885 886 884 
10 2 886 4263 889 
10 2 1145 2048 1144 
10 2 1149 1150 1148 
10 2 1169 1170 1168 
10 2 1316 1814 1315 
10 2 1353 1354 1352 
10 2 1393 4042 1391 
10 2 1475 1477 1476 
10 2 1481 3980 1479 
10 2 2321 2450 1878 
10 2 2574 2575 2092 
10 2 2309 2310 2164 
10 2 2393 4377 4246 
10 2 2473 3729 3610 
10 2 2540 4652 3812 
10 2 3138 3139 2641 
10 2 2893 3418 2878 
10 2 3254 3412 2892 
10 2 4237 4945 4802 
10 2 467 1712 466 
10 2 661 3820 1108 
10 2 758 760 759 
10 2 1010 1290 1009 
10 2 1017 1018 1016 
10 2 1171 1172 1170 
10 2 1517 4433 2375 
10 2 1661 1663 1662 
10 2 1798 4572 1751 
10 2 1977 2610 1880 
10 2 1887 2338 1888 
10 2 2374 2630 1925 
10 2 1978 4692 4463 
10 2 2345 2910 2363 
10 2 3104 3105 2467 
10 2 4243 4313 2935 
10 2 3132 3133 3131 
10 2 100 4249 1447 
10 2 296 578 295 
10 2 301 579 300 
10 2 306 580 305 
10 2 311 581 310 
10 2 316 577 315 
10 2 321 582 320 
10 2 326 583 325 
10 2 331 584 330 
10 2 336 585 335 
10 2 341 586 340 
10 2 346 587 345 
10 2 351 588 350 
10 2 356 589 355 
10 2 357 3985 356 
10 2 361 590 360 
10 2 366 591 365 
10 2 1485 1835 1487 
10 2 1866 1879 1703 
10 2 4282 4283 1991 
10 2 2293 4281 3044 
10 2 4519 4520 2376 
10 2 2424 2926 2599 
10 2 2912 3970 2911 
10 2 4436 4592 2922 
10 2 166 3994 165 
10 2 208 1400 207 
10 2 424 3977 423 
10 2 2683 2684 713 
10 2 730 731 728 
10 2 975 4113 2382 
10 2 1101 1109 1100 
10 2 1130 1131 1129 
10 2 1160 1770 1681 
10 2 1170 3749 2703 
10 2 1299 1300 1298 
10 2 1427 2082 1810 
10 2 1549 4179 2620 
10 2 2058 4138 1567 
10 2 1659 1660 1586 
10 2 1639 1641 1640 
10 2 1654 1656 1655 
10 2 1808 2296 1997 
10 2 1904 1905 1809 
10 2 1877 4864 2563 
10 2 2295 2803 2478 
10 2 2600 3830 2338 
10 2 2377 4339 2379 
10 2 2412 2539 2538 
10 2 2418 4911 4910 
10 2 2575 3497 2593 
10 2 3086 3087 2655 
10 2 3409 3553 3410 
10 2 4069 5060 4067 
10 2 4218 4328 4219 
10 2 4200 4464 770 
10 2 775 776 774 
10 2 877 4403 4239 
10 2 883 884 882 
10 2 950 4409 949 
10 2 1071 1684 1073 
10 2 1125 1128 1127 
10 2 4034 4194 1432 
10 2 1870 4396 4374 
10 2 2338 2878 1888 
10 2 2010 3632 3360 
10 2 2080 4135 2389 
10 2 2533 4143 2560 
10 2 3501 3591 2598 
10 2 2865 2866 2864 
10 2 2867 4537 3168 
10 2 3781 3782 3780 
10 2 165 3994 574 
10 2 183 1398 182 
10 2 378 3995 597 
10 2 401 4258 4181 
10 2 1361 4073 758 
10 2 763 764 762 
10 2 832 833 831 
10 2 1167 1168 969 
10 2 1147 1148 1025 
10 2 1877 1878 1166 
10 2 1206 1207 1205 
10 2 1308 1310 1309 
10 2 1330 4397 1327 
10 2 1439 1826 1440 
10 2 1625 3946 1623 
10 2 2014 3853 2017 
10 2 2025 2323 2322 
10 2 2146 2148 2147 
10 2 2185 2186 2183 
10 2 2317 4565 3852 
10 2 2390 4349 4091 
10 2 3824 4629 2699 
10 2 4077 4712 2720 
10 2 2908 3849 3077 
10 2 2929 4560 3793 
10 2 3996 4002 3997 
10 2 667 668 666 
10 2 698 4665 697 
10 2 721 1586 719 
10 2 829 2664 2623 
10 2 1141 1145 1144 
10 2 1167 3777 2705 
10 2 1356 1751 1357 
10 2 1514 1517 1516 
10 2 1595 4636 2901 
10 2 1758 2235 2027 
10 2 2522 3059 2308 
10 2 3063 3064 2310 
10 2 2943 4326 2384 
10 2 4094 4356 2389 
10 2 2417 2981 2416 
10 2 2719 3819 2661 
10 2 3084 3085 3083 
10 2 4022 4085 4084 
10 2 718 720 719 
10 2 730 732 731 
10 2 1538 4428 782 
10 2 784 786 785 
10 2 794 795 792 
10 2 798 1369 797 
10 2 832 834 833 
10 2 1103 1107 1106 
10 2 1173 1175 1172 
10 2 1721 2245 1181 
10 2 1185 3738 3669 
10 2 1316 2426 1814 
10 2 1591 1592 1590 
10 2 1875 4115 2262 
10 2 2723 3772 2019 
10 2 2209 2211 2210 
10 2 2590 4555 2591 
10 2 2743 3101 2724 
10 2 2811 3136 2810 
10 2 2930 3750 2929 
10 2 4024 4042 2941 
10 2 373 4289 372 
10 2 414 4018 413 
10 2 1215 1216 677 
10 2 811 812 810 
10 2 2623 4285 830 
10 2 853 4187 1535 
10 2 897 898 896 
10 2 945 946 944 
10 2 957 2097 958 
10 2 2972 3633 989 
10 2 1020 1021 1019 
10 2 1049 1129 1050 
10 2 1155 4413 1153 
10 2 1158 1160 1159 
10 2 1270 1271 1269 
10 2 1532 4075 2366 
10 2 1589 1591 1590 
10 2 1589 4029 1591 
10 2 1622 1795 1621 
10 2 1982 1983 1913 
10 2 1961 3626 3624 
10 2 2395 3975 1988 
10 2 2009 2530 2269 
10 2 2014 2017 2016 
10 2 4242 4298 2368 
10 2 2416 4570 3861 
10 2 2440 3007 2808 
10 2 4495 4599 2657 
10 2 2661 3361 2662 
10 2 2782 3177 2783 
10 2 4091 4339 2935 
10 2 2959 4323 2943 
10 2 664 665 662 
10 2 696 698 697 
10 2 796 4216 799 
10 2 1005 1634 1006 
10 2 1020 1022 1021 
10 2 1037 1961 1038 
10 2 1061 1166 1062 
10 2 1123 1125 1124 
10 2 1206 1208 1207 
10 2 1553 1554 1552 
10 2 1593 1594 1592 
10 2 1594 4863 4829 
10 2 1606 1738 1608 
10 2 2298 3047 2495 
10 2 2720 2993 2419 
10 2 3580 3581 3579 
10 2 3620 3679 3621 
10 2 700 703 702 
10 2 708 711 710 
10 2 2679 2713 725 
10 2 732 733 731 
10 2 4215 4251 775 
10 2 803 4224 4223 
10 2 2680 2681 921 
10 2 933 1348 934 
10 2 945 1368 946 
10 2 978 979 976 
10 2 2382 2902 977 
10 2 1013 3621 1014 
10 2 1017 2572 1018 
10 2 1109 3718 1100 
10 2 1247 1249 1248 
10 2 1357 2111 1355 
10 2 1589 4595 4029 
10 2 1775 4483 4252 
10 2 1948 4726 2734 
10 2 2106 4140 2105 
10 2 2113 4163 4043 
10 2 2129 2132 2131 
10 2 2254 2277 2276 
10 2 2573 3492 2572 
10 2 2578 5051 4980 
10 2 2926 2927 2599 
10 2 2690 2929 2626 
10 2 3048 3072 3071 
10 2 3781 3783 3782 
10 2 4061 4062 4058 
10 2 658 1094 657 
10 2 708 4166 711 
10 2 853 4308 4187 
10 2 919 920 918 
10 2 967 969 968 
10 2 975 977 976 
10 2 978 981 980 
10 2 981 1589 1588 
10 2 990 993 992 
10 2 1002 1005 1004 
10 2 1011 1013 1012 
10 2 1014 1017 1016 
10 2 1023 1025 1024 
10 2 1047 1049 1048 
10 2 1059 1061 1060 
10 2 1247 2595 1249 
10 2 1469 1857 1710 
10 2 1584 2688 2682 
10 2 1864 4765 1676 
10 2 2209 2212 2211 
10 2 2217 2220 2219 
10 2 4179 4329 2620 
10 2 3709 3711 3710 
10 2 696 699 698 
10 2 703 705 704 
10 2 711 4521 712 
10 2 769 770 768 
10 2 925 2416 926 
10 2 931 933 932 
10 2 943 945 944 
10 2 945 4859 1887 
10 2 970 4113 972 
10 2 978 980 979 
10 2 1737 1935 1244 
10 2 2111 3926 1355 
10 2 1810 1908 1428 
10 2 1710 1711 1470 
10 2 1531 1532 1530 
10 2 1552 4782 4221 
10 2 1553 4048 2602 
10 2 1595 1745 1594 
10 2 1860 1861 1711 
10 2 1958 1964 1748 
10 2 1903 1904 1809 
10 2 1845 1846 1844 
10 2 1847 4149 1846 
10 2 1870 4374 4071 
10 2 2475 2671 1997 
10 2 2213 2214 2211 
10 2 2530 2772 2269 
10 2 4134 4135 2319 
10 2 2813 4361 2627 
10 2 3170 3171 2654 
10 2 2967 3663 2902 
10 2 4094 4095 3243 
10 2 3664 3745 3744 
10 2 316 3876 577 
10 2 779 4251 4235 
10 2 975 976 974 
10 2 1107 1115 1106 
10 2 2934 4367 1457 
10 2 1723 4537 4497 
10 2 1830 1836 1762 
10 2 2279 3422 3421 
10 2 4326 4363 2385 
10 2 2622 3270 2780 
10 2 4114 4361 2813 
10 2 3039 3320 3293 
10 2 3265 3266 3264 
10 2 1708 4123 362 
10 2 691 693 692 
10 2 720 723 722 
10 2 926 3861 928 
10 2 930 1263 929 
10 2 960 963 962 
10 2 964 967 966 
10 2 967 968 966 
10 2 972 975 974 
10 2 1020 1023 1022 
10 2 1028 1031 1030 
10 2 1032 1035 1034 
10 2 1040 1043 1042 
10 2 1044 1047 1046 
10 2 1052 1055 1054 
10 2 1142 1143 1136 
10 2 1206 1209 1208 
10 2 2682 4482 1538 
10 2 1575 1579 1578 
10 2 1615 1618 1617 
10 2 1622 4603 1838 
10 2 2605 2617 1934 
10 2 4376 4470 2687 
10 2 3278 3285 3277 
10 2 3545 3548 3547 
10 2 113 4256 1449 
10 2 118 4257 1450 
10 2 372 4289 576 
10 2 413 4018 604 
10 2 458 3929 1319 
10 2 740 741 739 
10 2 752 4020 755 
10 2 886 887 884 
10 2 940 943 942 
10 2 1161 1971 1155 
10 2 1382 4084 1384 
10 2 1835 3860 1487 
10 2 1517 1519 1518 
10 2 1837 4284 2101 
10 2 2501 4875 2046 
10 2 2247 3890 2535 
10 2 2605 4107 2617 
10 2 3216 3217 2852 
10 2 3265 3582 3266 
10 2 675 4448 672 
10 2 693 1230 694 
10 2 4641 4805 699 
10 2 795 4486 4385 
10 2 913 1552 914 
10 2 919 921 920 
10 2 922 925 924 
10 2 926 927 924 
10 2 926 928 927 
10 2 928 931 930 
10 2 1170 2703 1168 
10 2 4589 4590 1930 
10 2 1958 2456 1964 
10 2 2133 2135 2134 
10 2 2519 2815 2509 
10 2 4651 4731 2586 
10 2 2816 3223 2696 
10 2 4340 4446 2959 
10 2 3647 3652 3651 
10 2 931 932 930 
10 2 983 4566 980 
10 2 1127 1746 1126 
10 2 1231 3744 1233 
10 2 1478 4182 1480 
10 2 4189 4334 1535 
10 2 1570 1572 1571 
10 2 2397 2398 1580 
10 2 1597 1599 1598 
10 2 1891 2376 1667 
10 2 1796 4506 1795 
10 2 1837 2101 1836 
10 2 1866 4699 1977 
10 2 2103 2104 2057 
10 2 2073 3943 3941 
10 2 1344 3977 424 
10 2 679 681 680 
10 2 724 727 726 
10 2 909 4048 910 
10 2 921 922 920 
10 2 935 3918 932 
10 2 1669 4564 1045 
10 2 1684 2435 1073 
10 2 1115 1714 1116 
10 2 1272 1273 1271 
10 2 1395 4450 1903 
10 2 1994 2280 1745 
10 2 1892 2613 1891 
10 2 1977 2733 2611 
10 2 2722 2723 2019 
10 2 2043 2337 2336 
10 2 2420 2725 2125 
10 2 2144 2315 2142 
10 2 2179 2182 2181 
10 2 2254 2276 2252 
10 2 4556 4623 2964 
10 2 3389 3391 3390 
10 2 702 1441 701 
10 2 1034 2729 1033 
10 2 1254 1258 1253 
10 2 1260 1261 1257 
10 2 1846 4149 2293 
10 2 2129 2130 2127 
10 2 2143 2145 2144 
10 2 2801 4569 2246 
10 2 3037 3176 3036 
10 2 3204 3760 3203 
10 2 4197 4198 3238 
10 2 4057 4060 4059 
10 2 4062 4134 4133 
10 2 218 1401 217 
10 2 681 1931 682 
10 2 1474 4200 769 
10 2 868 4373 871 
10 2 910 913 912 
10 2 961 2712 959 
10 2 973 2716 971 
10 2 997 1893 995 
10 2 1021 1954 1019 
10 2 1041 1951 1039 
10 2 1057 4628 1054 
10 2 1064 1067 1066 
10 2 1073 4812 1074 
10 2 1202 1203 1081 
10 2 1231 1232 1230 
10 2 1246 2021 1245 
10 2 1254 1259 1258 
10 2 1265 1266 1264 
10 2 1265 4633 3872 
10 2 2638 4419 1326 
10 2 1690 4336 4088 
10 2 2596 2597 1885 
10 2 4170 4485 1943 
10 2 2098 2586 2342 
10 2 2130 3700 2127 
10 2 2275 2864 2472 
10 2 2399 2923 2400 
10 2 3248 3249 2528 
10 2 3171 4267 2654 
10 2 4942 5024 3268 
10 2 733 1580 731 
10 2 906 909 908 
10 2 916 919 918 
10 2 923 3762 920 
10 2 949 1367 947 
10 2 989 990 988 
10 2 1065 2731 1063 
10 2 1071 1073 1072 
10 2 1103 1106 1099 
10 2 1187 3809 2746 
10 2 1790 1856 1195 
10 2 1267 1270 1269 
10 2 1434 1435 1433 
10 2 1507 4384 4382 
10 2 1693 1922 1585 
10 2 1605 4666 1598 
10 2 4121 4540 1818 
10 2 1880 2328 1879 
10 2 2352 2353 2072 
10 2 2152 2285 2150 
10 2 2173 2175 2174 
10 2 2198 4546 2195 
10 2 3060 4573 2308 
10 2 2397 4487 3983 
10 2 3949 3950 2477 
10 2 2496 3001 2481 
10 2 2488 3109 2728 
10 2 3953 3958 3955 
10 2 4062 4133 4058 
10 2 4277 4461 4276 
10 2 29 1186 28 
10 2 34 1646 33 
10 2 92 3979 595 
10 2 649 654 653 
10 2 880 4443 883 
10 2 1068 1069 1066 
10 2 1226 1728 1225 
10 2 1620 4144 1616 
10 2 1678 1955 1679 
10 2 1846 2293 2292 
10 2 1854 4412 4329 
10 2 2143 2144 2142 
10 2 4288 4466 2394 
10 2 3139 3952 3951 
10 2 3499 3665 3498 
10 2 4066 4514 3986 
10 2 26 643 25 
10 2 31 646 30 
10 2 36 644 35 
10 2 41 647 40 
10 2 306 4090 580 
10 2 670 673 672 
10 2 673 1611 674 
10 2 681 1932 1931 
10 2 1263 1884 929 
10 2 2702 2980 941 
10 2 1610 3884 953 
10 2 1637 1638 965 
10 2 2729 2974 1033 
10 2 1636 1669 1045 
10 2 1635 1963 1057 
10 2 1068 1071 1070 
10 2 1175 1179 1176 
10 2 1232 3771 2711 
10 2 1819 2694 1437 
10 2 2044 2301 1739 
10 2 1773 4588 4538 
10 2 1902 2040 1901 
10 2 2351 4982 1954 
10 2 2128 2129 2127 
10 2 2897 3012 2456 
10 2 2509 4994 2506 
10 2 3171 4493 4267 
10 2 3218 3219 3217 
10 2 292 610 291 
10 2 471 4145 470 
10 2 654 657 653 
10 2 1094 1099 657 
10 2 915 4685 912 
10 2 1331 1853 1784 
10 2 1493 1970 1735 
10 2 1678 1679 1643 
10 2 1833 2093 1834 
10 2 2280 2999 2998 
10 2 2793 2794 2288 
10 2 3174 4500 2483 
10 2 2596 3817 3816 
10 2 4164 4165 96 
10 2 527 655 526 
10 2 3998 4230 601 
10 2 681 682 680 
10 2 778 1380 777 
10 2 802 4300 805 
10 2 879 880 878 
10 2 1068 1070 1069 
10 2 1198 1199 1197 
10 2 1487 1489 1488 
10 2 1894 1895 1707 
10 2 1899 1900 1820 
10 2 1886 2311 1869 
10 2 2204 3691 2205 
10 2 3913 4404 2915 
10 2 4321 4367 2934 
10 2 4387 4438 4191 
10 2 664 667 666 
10 2 669 4076 670 
10 2 2358 4269 738 
10 2 840 4273 843 
10 2 901 902 900 
10 2 911 4734 908 
10 2 917 4561 915 
10 2 1194 2344 1196 
10 2 1233 1234 1232 
10 2 1275 1276 1268 
10 2 1270 2414 1272 
10 2 1403 1404 1367 
10 2 1403 4409 2691 
10 2 1431 4435 2962 
10 2 1944 1945 1611 
10 2 1648 1649 1647 
10 2 1714 2000 1715 
10 2 1791 2124 1886 
10 2 2887 2888 1951 
10 2 2182 2297 2184 
10 2 2184 2185 2183 
10 2 3897 4700 2702 
10 2 3235 3301 2834 
10 2 3157 3158 3156 
10 2 4204 4206 4205 
10 2 253 4457 1581 
10 2 729 1396 730 
10 2 898 901 900 
10 2 1079 1081 1080 
10 2 1242 1246 1245 
10 2 1247 3762 2595 
10 2 1739 3899 1258 
10 2 1297 2439 1302 
10 2 1432 1433 1431 
10 2 1833 1834 1492 
10 2 1561 4619 3856 
10 2 1675 1677 1676 
10 2 1788 4318 1914 
10 2 1795 2640 2639 
10 2 2597 2598 1885 
10 2 1886 2356 2311 
10 2 2522 3098 3059 
10 2 2548 3184 3183 
10 2 2836 3112 2837 
10 2 4418 4600 2920 
10 2 4697 4927 4649 
10 2 34 3972 1646 
10 2 374 4255 373 
10 2 951 952 950 
10 2 2029 2979 1754 
10 2 1895 1897 1896 
10 2 2236 2238 2237 
10 2 2248 2802 2486 
10 2 2432 2436 2267 
10 2 2640 3036 2641 
10 2 206 4517 546 
10 2 659 661 660 
10 2 661 663 662 
10 2 670 672 671 
10 2 716 4543 714 
10 2 730 4232 732 
10 2 766 1523 765 
10 2 897 4617 898 
10 2 4734 4844 907 
10 2 4685 4748 911 
10 2 1247 1248 917 
10 2 1164 1623 1069 
10 2 1076 1079 1078 
10 2 1189 1190 1188 
10 2 1235 1236 1234 
10 2 1254 2100 1259 
10 2 1269 1275 1268 
10 2 1292 1293 1291 
10 2 1604 1772 1603 
10 2 1639 1640 1638 
10 2 1670 1671 1669 
10 2 2061 3709 1731 
10 2 2311 2551 1869 
10 2 2229 2231 2230 
10 2 2349 4857 3656 
10 2 2597 3816 3815 
10 2 2732 2757 2731 
10 2 2888 4983 4529 
10 2 1321 3833 352 
10 2 364 3922 3889 
10 2 670 671 668 
10 2 2607 4233 747 
10 2 1179 2043 1180 
10 2 1301 1777 1296 
10 2 1313 2005 1806 
10 2 1659 4801 1661 
10 2 1759 2319 2080 
10 2 2093 2094 1834 
10 2 2627 4040 1905 
10 2 1985 3975 1984 
10 2 2328 2890 2701 
10 2 2420 2991 2725 
10 2 2546 3245 2933 
10 2 2591 2797 2669 
10 2 2687 4602 4536 
10 2 3223 3224 2696 
10 2 2945 2947 2946 
10 2 4050 4536 4488 
10 2 654 659 658 
10 2 684 686 685 
10 2 1925 4275 869 
10 2 1164 3586 3556 
10 2 1243 1244 1237 
10 2 1275 1278 1276 
10 2 1324 2638 1326 
10 2 1405 1406 1404 
10 2 1430 1431 1429 
10 2 1650 4793 1654 
10 2 1895 1896 1707 
10 2 2132 2133 2131 
10 2 2201 2204 2203 
10 2 2675 2676 2243 
10 2 2274 2862 2461 
10 2 2451 3020 2761 
10 2 2971 3501 2598 
10 2 2676 2844 2843 
10 2 2890 3568 2701 
10 2 3101 3103 2724 
10 2 2904 2905 2737 
10 2 4730 4771 3043 
10 2 3865 4384 3868 
10 2 3939 4561 4080 
10 2 344 4468 1288 
10 2 870 1550 869 
10 2 909 910 908 
10 2 1077 2718 1075 
10 2 1100 1102 1096 
10 2 1191 1192 1190 
10 2 1438 1899 1820 
10 2 1599 1601 1600 
10 2 1602 1604 1603 
10 2 1849 2937 2594 
10 2 2137 2138 2135 
10 2 2286 3046 2493 
10 2 4728 4729 2717 
10 2 3219 3600 3599 
10 2 4077 4673 4388 
10 2 732 735 734 
10 2 739 4212 736 
10 2 910 911 908 
10 2 1100 3718 1102 
10 2 1251 4162 1254 
10 2 1258 1771 1253 
10 2 1324 1326 1325 
10 2 1689 2580 1892 
10 2 1998 1999 1816 
10 2 1842 1843 1841 
10 2 2354 2698 2406 
10 2 2421 2970 2443 
10 2 2523 3228 2773 
10 2 2868 3209 2869 
10 2 4388 4712 4077 
10 2 691 692 690 
10 2 894 897 896 
10 2 910 912 911 
10 2 1200 1789 1201 
10 2 1249 1250 1248 
10 2 1294 1295 1293 
10 2 2404 4711 1409 
10 2 1441 3879 1597 
10 2 1624 1625 1623 
10 2 1628 3577 1632 
10 2 1641 1642 1640 
10 2 1672 1673 1671 
10 2 1901 4025 1820 
10 2 2628 4194 4034 
10 2 3219 3599 3217 
10 2 1108 1484 663 
10 2 741 1429 739 
10 2 757 1849 1361 
10 2 919 2680 921 
10 2 993 1306 1289 
10 2 1123 1124 1122 
10 2 1198 1200 1199 
10 2 1277 2073 1273 
10 2 1278 1702 1279 
10 2 1413 2354 1732 
10 2 1428 4313 1422 
10 2 1470 4371 1468 
10 2 1472 4302 2386 
10 2 1825 4387 1521 
10 2 4316 4318 1547 
10 2 1573 4514 1571 
10 2 1600 1605 1598 
10 2 1899 2357 1900 
10 2 1930 4590 3749 
10 2 2472 4480 1982 
10 2 2322 2464 2085 
10 2 2121 4819 3815 
10 2 2511 2513 2512 
10 2 2706 2966 2601 
10 2 2636 4367 4319 
10 2 2906 3690 2976 
10 2 3670 3813 2906 
10 2 4003 4005 4004 
10 2 4106 4268 4010 
10 2 613 628 1 
10 2 23 652 22 
10 2 732 4232 735 
10 2 735 737 736 
10 2 2394 4263 885 
10 2 919 4221 2680 
10 2 1037 1038 1036 
10 2 1407 4620 1413 
10 2 1434 1438 1437 
10 2 1591 1593 1592 
10 2 1792 1952 1609 
10 2 1644 4426 3619 
10 2 2013 2014 2012 
10 2 2121 2692 2051 
10 2 3059 3060 2308 
10 2 2875 3013 2450 
10 2 649 3707 654 
10 2 2612 3882 737 
10 2 1029 1648 1647 
10 2 1113 1766 1112 
10 2 2415 4080 1255 
10 2 1331 1332 1330 
10 2 1349 2697 1351 
10 2 1407 1408 1406 
10 2 1410 1411 1409 
10 2 1430 4481 4034 
10 2 1486 3869 2673 
10 2 1571 2647 1569 
10 2 1652 1653 1651 
10 2 1656 2433 1658 
10 2 1674 4765 1688 
10 2 1675 2438 1677 
10 2 1678 2421 1955 
10 2 2411 2412 1941 
10 2 2017 2018 2016 
10 2 2022 2266 2265 
10 2 2118 4238 4144 
10 2 2266 2267 2265 
10 2 2296 2804 2475 
10 2 4040 4361 2296 
10 2 2350 2913 2895 
10 2 2536 3274 2781 
10 2 2985 3144 2539 
10 2 2580 2582 2581 
10 2 4034 4528 2628 
10 2 4238 4239 2670 
10 2 3209 3211 3210 
10 2 4329 4412 3271 
10 2 4770 4909 3927 
10 2 55 613 1 
10 2 15 642 14 
10 2 720 721 719 
10 2 738 739 736 
10 2 737 2358 738 
10 2 738 740 739 
10 2 746 747 744 
10 2 748 749 747 
10 2 764 766 765 
10 2 880 882 881 
10 2 894 896 895 
10 2 916 918 917 
10 2 990 991 988 
10 2 990 992 991 
10 2 1174 1178 1177 
10 2 1826 1950 1440 
10 2 2113 4341 1496 
10 2 1566 1568 1567 
10 2 1694 4193 2008 
10 2 1702 1865 1703 
10 2 1734 4056 4055 
10 2 1759 4054 2319 
10 2 1829 1830 1762 
10 2 1801 4296 4198 
10 2 2010 2407 1807 
10 2 2124 4818 1886 
10 2 1996 2477 2476 
10 2 2818 2918 2305 
10 2 2586 2906 2342 
10 2 2628 4476 2357 
10 2 2826 2827 2387 
10 2 2556 2655 2391 
10 2 2534 2856 2855 
10 2 2546 4153 3245 
10 2 2780 2942 2621 
10 2 2642 4352 2643 
10 2 2734 3010 2977 
10 2 4544 4550 2781 
10 2 4088 4336 2858 
10 2 4402 4436 2922 
10 2 2945 4094 2947 
10 2 18 1539 17 
10 2 1716 3963 212 
10 2 678 1215 677 
10 2 760 762 761 
10 2 849 4159 1507 
10 2 880 881 878 
10 2 890 893 892 
10 2 894 895 892 
10 2 895 4391 892 
10 2 913 914 912 
10 2 928 930 929 
10 2 1071 1072 1070 
10 2 1215 1217 1216 
10 2 1274 1277 1273 
10 2 1349 1351 1350 
10 2 1372 4523 1370 
10 2 1731 1976 1412 
10 2 1420 4309 1417 
10 2 1471 4296 1801 
10 2 1485 1486 1484 
10 2 1520 1967 1824 
10 2 1566 1567 1565 
10 2 1626 1627 1625 
10 2 1653 1683 1682 
10 2 1694 2008 1761 
10 2 1969 2115 1825 
10 2 2072 4284 1837 
10 2 2423 2601 1850 
10 2 1860 2465 2305 
10 2 2040 2290 1901 
10 2 1987 2062 1989 
10 2 2172 2173 2171 
10 2 2827 4296 2387 
10 2 2489 4038 2801 
10 2 2513 2516 2514 
10 2 2534 2855 2533 
10 2 2951 2952 2549 
10 2 2829 4198 2827 
10 2 3237 3238 2829 
10 2 2938 4093 2937 
10 2 3053 4336 4097 
10 2 3072 3131 3081 
10 2 4385 4486 4151 
10 2 9 1165 8 
10 2 13 1680 12 
10 2 20 640 19 
10 2 93 3979 92 
10 2 746 748 747 
10 2 815 4137 4078 
10 2 815 4294 4137 
10 2 889 890 888 
10 2 916 917 915 
10 2 1096 1097 1092 
10 2 1224 1226 1225 
10 2 1299 1303 1300 
10 2 1404 3897 1367 
10 2 1408 1410 1409 
10 2 1486 2673 1484 
10 2 1735 1736 1494 
10 2 1643 1644 1642 
10 2 1674 1688 1673 
10 2 2051 4563 1727 
10 2 1788 1870 1787 
10 2 1917 1918 1871 
10 2 1909 2555 2391 
10 2 2944 2945 1918 
10 2 2302 2500 2046 
10 2 2750 2751 2079 
10 2 2296 4361 2804 
10 2 2340 2884 2341 
10 2 2588 3800 3633 
10 2 4451 4507 2674 
10 2 2916 3840 3839 
10 2 1 2821 54 
10 2 79 1811 78 
10 2 86 3887 85 
10 2 89 1733 88 
10 2 661 662 660 
10 2 690 1948 689 
10 2 720 722 721 
10 2 735 2612 737 
10 2 740 743 742 
10 2 748 750 749 
10 2 789 790 788 
10 2 820 4306 823 
10 2 4359 4429 862 
10 2 922 923 920 
10 2 928 929 927 
10 2 1084 1087 1086 
10 2 1119 4751 2455 
10 2 1252 1256 1255 
10 2 1303 1821 1304 
10 2 1430 1432 1431 
10 2 1683 4883 1962 
10 2 2049 2050 1727 
10 2 2316 2320 1865 
10 2 1866 1977 1880 
10 2 1936 2590 2070 
10 2 2098 2342 1937 
10 2 2738 2754 1950 
10 2 2264 2528 2021 
10 2 4933 4954 2335 
10 2 2364 2951 2549 
10 2 3901 3902 2395 
10 2 2402 2690 2626 
10 2 2491 3891 3890 
10 2 2568 3090 2871 
10 2 3335 3350 2799 
10 2 2835 3235 2834 
10 2 2916 3839 2915 
10 2 7 2831 6 
10 2 50 639 49 
10 2 53 656 52 
10 2 69 619 68 
10 2 71 1455 70 
10 2 73 611 72 
10 2 4269 4270 743 
10 2 2643 4300 801 
10 2 862 864 863 
10 2 922 924 923 
10 2 1121 1122 1120 
10 2 1850 3919 1261 
10 2 1412 4116 1408 
10 2 1427 1428 1422 
10 2 1466 1472 1471 
10 2 4301 4302 1466 
10 2 1487 1488 1486 
10 2 1536 2646 2606 
10 2 2108 2350 2327 
10 2 4319 4321 2370 
10 2 2402 2626 2625 
10 2 2536 3275 3274 
10 2 4299 4305 2667 
10 2 2726 4731 4651 
10 2 3204 3761 3760 
10 2 52 3859 51 
10 2 279 1114 278 
10 2 743 745 744 
10 2 799 2642 801 
10 2 799 4216 2642 
10 2 805 4300 1927 
10 2 816 4294 815 
10 2 829 830 828 
10 2 849 850 848 
10 2 862 863 860 
10 2 868 869 866 
10 2 890 891 888 
10 2 890 892 891 
10 2 1373 1379 1378 
10 2 1694 1695 1377 
10 2 1387 1388 1386 
10 2 1410 1726 1411 
10 2 1463 4314 1467 
10 2 1466 1471 1465 
10 2 1493 1735 1494 
10 2 1502 1504 1503 
10 2 1510 2637 1512 
10 2 1536 2606 2360 
10 2 1548 4156 1543 
10 2 1544 1546 1545 
10 2 1544 1547 1546 
10 2 1547 1788 1787 
10 2 1679 4426 1643 
10 2 1644 1797 1645 
10 2 1732 2061 1731 
10 2 1735 2063 1736 
10 2 1797 1939 1938 
10 2 1977 2611 2610 
10 2 2063 2287 2064 
10 2 2286 3612 3046 
10 2 2618 2931 2362 
10 2 2373 4310 4309 
10 2 2422 3751 2984 
10 2 2880 2881 2553 
10 2 2608 4476 2607 
10 2 3032 3033 3031 
10 2 3645 3647 3644 
10 2 3646 3649 3648 
10 2 4251 4512 4235 
10 2 745 1323 746 
10 2 746 4201 748 
10 2 749 2607 747 
10 2 749 2608 2607 
10 2 781 782 780 
10 2 811 2636 813 
10 2 868 870 869 
10 2 886 889 888 
10 2 891 4044 888 
10 2 1085 1668 1083 
10 2 1103 1111 1107 
10 2 1163 3718 1109 
10 2 1324 4270 2638 
10 2 1373 1378 1374 
10 2 1430 4034 1432 
10 2 1489 1490 1488 
10 2 1510 1512 1511 
10 2 1628 1632 1627 
10 2 1724 1911 1910 
10 2 1848 1937 1936 
10 2 1895 2108 1897 
10 2 1988 3975 1985 
10 2 2050 2053 2052 
10 2 2742 2750 2079 
10 2 3025 3027 2320 
10 2 2733 2791 2611 
10 2 2617 3823 2699 
10 2 2680 2975 2681 
10 2 2708 2726 2707 
10 2 2772 3222 2873 
10 2 11 645 10 
10 2 58 625 57 
10 2 1105 4672 60 
10 2 123 4172 1451 
10 2 140 4254 569 
10 2 147 4405 1362 
10 2 270 1699 269 
10 2 276 617 275 
10 2 418 4185 605 
10 2 445 561 444 
10 2 450 560 449 
10 2 453 1305 452 
10 2 455 559 454 
10 2 458 1319 457 
10 2 460 558 459 
10 2 465 557 464 
10 2 470 556 469 
10 2 473 3825 472 
10 2 708 710 709 
10 2 734 4487 733 
10 2 737 738 736 
10 2 1505 4216 794 
10 2 801 802 800 
10 2 805 1927 1457 
10 2 824 4343 822 
10 2 835 836 834 
10 2 837 838 836 
10 2 2649 4286 839 
10 2 844 845 842 
10 2 852 853 851 
10 2 1511 4308 857 
10 2 864 866 865 
10 2 871 872 870 
10 2 876 877 875 
10 2 876 878 877 
10 2 893 894 892 
10 2 1339 4003 4002 
10 2 1724 1910 1393 
10 2 1414 1416 1415 
10 2 1460 1462 1461 
10 2 1460 4301 1462 
10 2 1502 1503 1501 
10 2 1512 4433 1514 
10 2 1520 1521 1515 
10 2 1540 1542 1541 
10 2 1547 1787 1546 
10 2 1786 2118 1620 
10 2 4335 4499 1773 
10 2 1786 2119 2118 
10 2 1894 4687 4423 
10 2 1906 2057 2056 
10 2 2010 3360 2407 
10 2 2341 4578 3028 
10 2 2392 4161 4160 
10 2 2491 3892 3891 
10 2 4223 4224 2658 
10 2 2665 2667 2666 
10 2 2668 4343 4312 
10 2 4322 4366 2820 
10 2 3118 4770 3927 
10 2 3933 3934 3932 
10 2 3933 4150 3934 
10 2 4006 4007 4005 
10 2 4007 4009 4008 
10 2 14 3753 13 
10 2 114 4256 113 
10 2 377 4489 376 
10 2 472 3825 1360 
10 2 700 702 701 
10 2 727 728 726 
10 2 745 746 744 
10 2 748 751 750 
10 2 806 807 804 
10 2 810 1495 809 
10 2 1496 4341 809 
10 2 1920 4260 821 
10 2 4312 4343 827 
10 2 830 831 828 
10 2 1415 4330 833 
10 2 835 4285 1458 
10 2 1459 4331 837 
10 2 2666 4261 845 
10 2 861 862 860 
10 2 874 876 875 
10 2 981 982 980 
10 2 1049 1050 1048 
10 2 1265 1267 1266 
10 2 1324 1325 1323 
10 2 1328 1333 1329 
10 2 1377 4118 2369 
10 2 1765 4264 1378 
10 2 1379 2362 1685 
10 2 1395 1809 1808 
10 2 1417 4309 1415 
10 2 1416 4287 1418 
10 2 1419 1420 1417 
10 2 1422 4313 2373 
10 2 1426 1780 1779 
10 2 1461 4332 1459 
10 2 1467 1468 1464 
10 2 1801 4314 1465 
10 2 1467 4314 4047 
10 2 1469 1470 1468 
10 2 1468 4371 2381 
10 2 1472 2384 1783 
10 2 1495 2656 1497 
10 2 1512 1514 1513 
10 2 1519 1818 1817 
10 2 1520 4386 1967 
10 2 1824 1825 1521 
10 2 1526 1564 1528 
10 2 1529 1530 1527 
10 2 1759 1760 1532 
10 2 1541 4307 1533 
10 2 1540 2659 1542 
10 2 1543 4156 1541 
10 2 1542 4316 1544 
10 2 1545 1548 1543 
10 2 1774 2074 1657 
10 2 1689 1891 1667 
10 2 1956 2031 1679 
10 2 1730 1828 1683 
10 2 1711 4248 1924 
10 2 2256 4266 1765 
10 2 1780 2068 2067 
10 2 2387 4296 1783 
10 2 1968 1969 1825 
10 2 2071 2072 1837 
10 2 1843 1844 1841 
10 2 2621 4325 1916 
10 2 1919 2668 2377 
10 2 1968 4337 2550 
10 2 2289 2383 1969 
10 2 2053 2313 2054 
10 2 2069 2651 2068 
10 2 2081 2534 2533 
10 2 2105 2307 2104 
10 2 2188 2744 2189 
10 2 2367 4446 4157 
10 2 2373 4311 4310 
10 2 2546 2932 2383 
10 2 2386 2943 2384 
10 2 2388 4328 2396 
10 2 2392 4160 4159 
10 2 2828 2829 2827 
10 2 3236 3237 2829 
10 2 2858 3053 3052 
10 2 2948 4158 4041 
10 2 3053 3075 3074 
10 2 3075 3127 3078 
10 2 3237 3239 3238 
10 2 4332 4333 4331 
10 2 43 1537 42 
10 2 268 620 267 
10 2 559 3928 454 
10 2 478 618 477 
10 2 700 701 698 
10 2 712 713 710 
10 2 712 714 713 
10 2 715 716 714 
10 2 751 4020 752 
10 2 792 4385 791 
10 2 799 800 798 
10 2 808 809 807 
10 2 808 810 809 
10 2 814 816 815 
10 2 818 819 816 
10 2 818 820 819 
10 2 1533 4306 818 
10 2 820 822 821 
10 2 822 1919 821 
10 2 823 824 822 
10 2 822 4343 1919 
10 2 823 2648 825 
10 2 840 842 841 
10 2 843 844 842 
10 2 844 846 845 
10 2 846 4334 2665 
10 2 864 865 863 
10 2 952 954 953 
10 2 1119 1120 1118 
10 2 1151 1154 1153 
10 2 1180 1930 1176 
10 2 1202 1204 1203 
10 2 1326 1327 1325 
10 2 1325 4397 2645 
10 2 1334 1894 1707 
10 2 1369 1371 1370 
10 2 1374 1375 1372 
10 2 1431 2962 1429 
10 2 1495 1497 1496 
10 2 1767 1864 1676 
10 2 1896 4445 1707 
10 2 1788 1871 1870 
10 2 1981 2300 1821 
10 2 1838 4139 1839 
10 2 1842 2707 1843 
10 2 1843 4516 1845 
10 2 1845 1848 1847 
10 2 1898 2246 1896 
10 2 1898 3964 2490 
10 2 1981 4547 2704 
10 2 3975 3976 1984 
10 2 2130 3701 3700 
10 2 2171 4594 2170 
10 2 2676 2843 2243 
10 2 2379 4339 2956 
10 2 2954 4344 2623 
10 2 4021 4201 2645 
10 2 2645 4231 4021 
10 2 2652 2948 2651 
10 2 3259 3260 2791 
10 2 2886 4577 2884 
10 2 2944 4356 2945 
10 2 3231 3681 3680 
10 2 3643 3644 3641 
10 2 4496 4512 3981 
10 2 4430 4550 4279 
10 2 4597 4611 4504 
10 2 38 1214 37 
10 2 211 3963 547 
10 2 266 1446 265 
10 2 274 1698 273 
10 2 696 697 695 
10 2 782 783 780 
10 2 802 803 800 
10 2 802 804 803 
10 2 806 808 807 
10 2 1457 3965 806 
10 2 813 814 812 
10 2 820 821 819 
10 2 823 4306 2648 
10 2 825 826 824 
10 2 826 827 824 
10 2 826 828 827 
10 2 836 4286 834 
10 2 835 1458 837 
10 2 838 839 836 
10 2 838 4331 4273 
10 2 840 841 839 
10 2 846 2665 845 
10 2 859 860 858 
10 2 866 4275 865 
10 2 873 874 872 
10 2 874 875 872 
10 2 1295 1298 1293 
10 2 1377 2369 1375 
10 2 1379 1685 1378 
10 2 1395 1808 1394 
10 2 1422 2373 1420 
10 2 1426 1779 1425 
10 2 1468 2381 1464 
10 2 1467 4047 1469 
10 2 1711 1924 1470 
10 2 1472 1783 1471 
10 2 1498 2113 1496 
10 2 1497 4297 1499 
10 2 1499 1502 1501 
10 2 1504 1750 1749 
10 2 2112 4345 1504 
10 2 1516 4386 1520 
10 2 1519 1817 1518 
10 2 1526 1528 1527 
10 2 1760 4075 1532 
10 2 4156 4307 1541 
10 2 1542 1544 1543 
10 2 1545 4179 1549 
10 2 1685 2081 1765 
10 2 1750 2953 2075 
10 2 4345 4348 1750 
10 2 2388 2396 1760 
10 2 1780 2067 1779 
10 2 2384 2385 1783 
10 2 1805 2422 1850 
10 2 1914 1917 1871 
10 2 1906 2056 1905 
10 2 1917 2944 1918 
10 2 2365 4219 1917 
10 2 1919 2377 1920 
10 2 1968 2550 2289 
10 2 1996 2476 1995 
10 2 4193 4267 2008 
10 2 2068 2244 2067 
10 2 2953 4245 2075 
10 2 2081 2533 2256 
10 2 2217 2219 2218 
10 2 2381 4333 4332 
10 2 2385 2468 2387 
10 2 2391 4244 2390 
10 2 2655 4244 2391 
10 2 2620 2622 2621 
10 2 4306 4307 2648 
10 2 2948 4041 2651 
10 2 2656 4327 4297 
10 2 4024 4444 2685 
10 2 2856 4368 2855 
10 2 2858 3052 2856 
10 2 4328 4356 2944 
10 2 2961 4389 4305 
10 2 3053 3074 3052 
10 2 3075 3078 3074 
10 2 4153 4154 3245 
10 2 3273 3321 3272 
10 2 3366 3679 3620 
10 2 4056 4057 4055 
10 2 4311 4312 4310 
10 2 613 2099 629 
10 2 757 1361 758 
10 2 761 1534 759 
10 2 782 784 783 
10 2 793 4236 1524 
10 2 814 815 812 
10 2 832 4285 835 
10 2 841 4261 2650 
10 2 1535 4334 851 
10 2 887 4146 884 
10 2 885 4263 886 
10 2 1095 1100 1096 
10 2 1110 1118 1117 
10 2 1204 1206 1205 
10 2 1805 1850 1261 
10 2 1263 1885 1884 
10 2 1329 1331 1330 
10 2 1333 4049 1329 
10 2 2116 4397 1330 
10 2 1458 4344 1460 
10 2 1497 1499 1498 
10 2 2656 4297 1497 
10 2 1499 1501 1500 
10 2 1501 4360 1690 
10 2 1502 4297 2112 
10 2 1504 1749 1503 
10 2 1525 4217 1505 
10 2 1618 1622 1621 
10 2 1622 1838 1796 
10 2 1663 1665 1664 
10 2 1663 1666 1665 
10 2 2096 2889 1668 
10 2 1942 2987 1719 
10 2 1750 2075 1749 
10 2 1799 1858 1800 
10 2 1839 1842 1841 
10 2 1846 2292 1844 
10 2 2070 4149 1847 
10 2 1849 4557 2938 
10 2 1877 2563 2321 
10 2 2248 2486 1939 
10 2 1983 1986 1985 
10 2 1989 2114 1988 
10 2 2591 2669 2070 
10 2 2091 5031 3768 
10 2 2402 2625 2110 
10 2 2489 2801 2246 
10 2 2379 2956 2955 
10 2 2394 4466 4263 
10 2 3677 3678 2484 
10 2 2824 4038 2489 
10 2 2574 3499 3498 
10 2 2591 4555 2798 
10 2 2929 3793 2626 
10 2 2646 2916 2915 
10 2 3366 3620 2662 
10 2 2664 4340 4303 
10 2 2675 4431 4279 
10 2 2676 4279 2969 
10 2 3976 4288 4278 
10 2 4126 4127 4125 
10 2 593 3978 81 
10 2 272 612 271 
10 2 664 666 665 
10 2 758 4073 760 
10 2 760 763 762 
10 2 765 4195 762 
10 2 763 4234 764 
10 2 4073 4096 763 
10 2 790 791 788 
10 2 790 792 791 
10 2 793 1524 1505 
10 2 805 806 804 
10 2 817 818 816 
10 2 817 1540 1533 
10 2 817 4290 1540 
10 2 4260 4294 819 
10 2 838 840 839 
10 2 841 2650 2649 
10 2 850 851 848 
10 2 850 852 851 
10 2 855 856 854 
10 2 856 857 854 
10 2 856 858 857 
10 2 1064 1065 1063 
10 2 1741 1742 1143 
10 2 1238 1240 1239 
10 2 1331 1784 1332 
10 2 1706 2632 1333 
10 2 1369 2658 1371 
10 2 1458 1460 1459 
10 2 4285 4344 1458 
10 2 1473 4234 2693 
10 2 1494 2410 1491 
10 2 1555 1557 1556 
10 2 2968 3880 1611 
10 2 1784 1890 1889 
10 2 1840 4506 1796 
10 2 1903 4436 4402 
10 2 1984 4278 1913 
10 2 1948 2734 1949 
10 2 2525 3795 2089 
10 2 2278 4550 4430 
10 2 4149 4281 2293 
10 2 2773 2894 2337 
10 2 4152 4288 2394 
10 2 2937 2939 2594 
10 2 2646 2915 2606 
10 2 2633 2634 2632 
10 2 2643 4352 4351 
10 2 2664 4303 2954 
10 2 4439 4440 2693 
10 2 2798 3828 2800 
10 2 4128 4129 4127 
10 2 85 1709 84 
10 2 119 4257 118 
10 2 465 4213 557 
10 2 787 788 786 
10 2 787 2677 789 
10 2 847 4262 2392 
10 2 858 1510 857 
10 2 867 868 866 
10 2 878 4403 877 
10 2 1008 1009 1007 
10 2 1963 4628 1057 
10 2 1064 1066 1065 
10 2 1196 1791 1790 
10 2 1258 3899 1771 
10 2 1418 1424 1423 
10 2 1421 1422 1420 
10 2 1424 1426 1425 
10 2 2368 4298 1426 
10 2 1463 1464 1461 
10 2 1462 1466 1465 
10 2 1564 1566 1565 
10 2 1568 1940 1781 
10 2 1707 4445 1706 
10 2 1916 4324 1915 
10 2 1942 4745 4714 
10 2 2025 2322 2085 
10 2 2069 4298 2961 
10 2 4085 4086 2371 
10 2 3454 3469 3452 
10 2 3840 3865 3864 
10 2 45 641 44 
10 2 75 1443 74 
10 2 532 2830 531 
10 2 666 1262 665 
10 2 743 744 742 
10 2 1523 1569 765 
10 2 767 769 768 
10 2 771 4098 768 
10 2 769 4200 770 
10 2 1473 1474 769 
10 2 772 775 774 
10 2 776 779 778 
10 2 779 781 780 
10 2 781 1538 782 
10 2 847 848 846 
10 2 847 2392 849 
10 2 859 1536 861 
10 2 865 4369 863 
10 2 869 4275 866 
10 2 880 883 882 
10 2 1522 1612 881 
10 2 883 885 884 
10 2 2380 2394 885 
10 2 1238 1239 1235 
10 2 1325 2645 1323 
10 2 1376 1377 1375 
10 2 1416 1418 1417 
10 2 1418 1423 1419 
10 2 1424 1425 1423 
10 2 1424 4287 2368 
10 2 1464 4332 1461 
10 2 1462 1465 1463 
10 2 1475 1476 1474 
10 2 1477 4440 1506 
10 2 1478 1480 1479 
10 2 1480 1691 1481 
10 2 1506 2361 1687 
10 2 1523 4098 4050 
10 2 1524 1526 1525 
10 2 1564 1565 1528 
10 2 1584 2682 1538 
10 2 1568 1781 1567 
10 2 1570 1571 1569 
10 2 1572 1573 1571 
10 2 1571 4514 2647 
10 2 1572 4488 1575 
10 2 1574 1576 1573 
10 2 1575 2403 1579 
10 2 1584 4235 2689 
10 2 1614 4144 2670 
10 2 1615 4180 1618 
10 2 1619 1785 1620 
10 2 1795 2639 1621 
10 2 1793 2028 1630 
10 2 1743 1990 1686 
10 2 1691 1753 1692 
10 2 1775 4252 1691 
10 2 1724 1912 1911 
10 2 1744 3790 1832 
10 2 1753 2029 1754 
10 2 4378 4515 1754 
10 2 4183 4483 1775 
10 2 1785 2047 1786 
10 2 1786 4585 2119 
10 2 1838 1839 1796 
10 2 1815 1998 1816 
10 2 1991 4533 1815 
10 2 1875 2262 1822 
10 2 1823 2405 1876 
10 2 2274 2461 1828 
10 2 2094 2272 1834 
10 2 2084 4115 1875 
10 2 1876 4574 2907 
10 2 1877 2321 1878 
10 2 1906 2102 2057 
10 2 2940 2941 1910 
10 2 1912 1982 1913 
10 2 1934 4035 1933 
10 2 1933 4470 4376 
10 2 1940 2413 2411 
10 2 2275 2472 1982 
10 2 1990 4541 3940 
10 2 4283 4631 1991 
10 2 1998 2278 1999 
10 2 2282 2497 2031 
10 2 2034 4226 3951 
10 2 2048 3506 3504 
10 2 2271 2521 2049 
10 2 2459 2466 2083 
10 2 2105 4140 2372 
10 2 2248 3619 2950 
10 2 2536 2781 2278 
10 2 2293 3042 2292 
10 2 2589 3045 2313 
10 2 2338 2893 2878 
10 2 2380 4443 4393 
10 2 2393 4503 4196 
10 2 2403 4602 4117 
10 2 4117 4559 2405 
10 2 2413 4604 4598 
10 2 2529 3080 3029 
10 2 2774 3231 2552 
10 2 3621 3679 2573 
10 2 2635 3256 2634 
10 2 4241 4286 2649 
10 2 4187 4308 2653 
10 2 2797 3186 2669 
10 2 2688 4449 2682 
10 2 2682 4503 4482 
10 2 2687 4536 2686 
10 2 3823 3824 2699 
10 2 2778 3225 2779 
10 2 3042 3069 3043 
10 2 3048 4483 3072 
10 2 3256 3258 3257 
10 2 3840 3864 3839 
10 2 3981 3982 3980 
10 2 4215 4512 4251 
10 2 63 2559 62 
10 2 785 3936 783 
10 2 784 787 786 
10 2 2614 3915 785 
10 2 787 789 788 
10 2 2677 2936 789 
10 2 814 4290 817 
10 2 823 825 824 
10 2 863 4274 860 
10 2 862 4429 864 
10 2 864 867 866 
10 2 4275 4276 865 
10 2 867 4373 868 
10 2 1550 1925 869 
10 2 906 907 904 
10 2 906 908 907 
10 2 996 998 997 
10 2 2632 4049 1333 
10 2 1371 1373 1372 
10 2 1380 3945 2605 
10 2 1910 4042 1393 
10 2 1510 4274 2637 
10 2 1512 1513 1511 
10 2 1513 2653 1511 
10 2 1514 1515 1513 
10 2 1513 4192 2653 
10 2 1516 1520 1515 
10 2 1517 2375 1519 
10 2 1520 1824 1521 
10 2 1523 4050 1570 
10 2 4187 4188 1535 
10 2 1576 4282 1991 
10 2 1723 4497 1724 
10 2 1983 1984 1913 
10 2 1914 2370 2365 
10 2 1914 4318 2370 
10 2 2412 2538 1941 
10 2 2104 4227 2057 
10 2 2069 2961 2652 
10 2 2103 2106 2105 
10 2 2307 2463 2104 
10 2 2105 2372 2307 
10 2 4327 4346 2112 
10 2 2921 2922 2360 
10 2 2864 3093 2472 
10 2 3093 3094 2472 
10 2 3047 3076 2495 
10 2 3234 3622 2554 
10 2 2955 4346 2615 
10 2 2630 4277 4276 
10 2 4240 4241 2649 
10 2 2653 4191 4187 
10 2 2659 4317 4316 
10 2 4239 4403 2670 
10 2 2748 3004 2747 
10 2 2851 3216 2852 
10 2 2907 4579 4089 
10 2 4246 4377 2936 
10 2 3258 3717 3716 
10 2 4393 4444 4024 
10 2 4225 4364 4341 
10 2 4239 4599 4495 
10 2 4317 4318 4316 
10 2 656 3859 52 
10 2 61 1105 60 
10 2 772 773 771 
10 2 772 774 773 
10 2 812 4078 810 
10 2 1507 4167 850 
10 2 1262 2898 2429 
10 2 4309 4330 1415 
10 2 2659 4316 1542 
10 2 1576 1991 1815 
10 2 1670 3778 1672 
10 2 1744 1832 1743 
10 2 1843 1845 1844 
10 2 1940 2411 1941 
10 2 1987 1989 1988 
10 2 2041 2675 2243 
10 2 2810 4759 2480 
10 2 2614 3933 3932 
10 2 2633 2635 2634 
10 2 71 4130 1455 
10 2 395 4229 1338 
10 2 396 4230 4229 
10 2 423 3977 606 
10 2 470 4145 556 
10 2 687 688 686 
10 2 782 4428 784 
10 2 791 4434 788 
10 2 789 4236 790 
10 2 790 793 792 
10 2 4385 4490 791 
10 2 795 4385 792 
10 2 793 1505 794 
10 2 794 4216 796 
10 2 797 4486 795 
10 2 796 799 798 
10 2 811 813 812 
10 2 2636 4320 813 
10 2 814 817 816 
10 2 819 4294 816 
10 2 817 1533 818 
10 2 818 4306 820 
10 2 821 4260 819 
10 2 820 823 822 
10 2 1919 1920 821 
10 2 827 4343 824 
10 2 825 4070 826 
10 2 2648 2663 825 
10 2 826 829 828 
10 2 831 4342 828 
10 2 829 2623 830 
10 2 830 4285 832 
10 2 833 4330 831 
10 2 832 835 834 
10 2 1414 1415 833 
10 2 835 837 836 
10 2 839 4286 836 
10 2 837 4331 838 
10 2 1458 1459 837 
10 2 838 4273 840 
10 2 841 2649 839 
10 2 840 843 842 
10 2 845 4261 842 
10 2 843 4262 844 
10 2 844 847 846 
10 2 2665 2666 845 
10 2 847 849 848 
10 2 851 4334 848 
10 2 849 1507 850 
10 2 2392 4159 849 
10 2 850 4167 852 
10 2 853 1535 851 
10 2 852 855 854 
10 2 852 4167 855 
10 2 857 4308 854 
10 2 855 4169 856 
10 2 4167 4168 855 
10 2 856 859 858 
10 2 1510 1511 857 
10 2 859 861 860 
10 2 861 4359 862 
10 2 1536 2360 861 
10 2 868 871 870 
10 2 871 873 872 
10 2 873 1381 874 
10 2 874 4471 876 
10 2 877 4495 875 
10 2 876 879 878 
10 2 925 926 924 
10 2 1289 3769 994 
10 2 999 1000 998 
10 2 1182 1721 1181 
10 2 1191 1194 1193 
10 2 1363 3991 3990 
10 2 1373 1374 1372 
10 2 1373 4353 1379 
10 2 1374 1376 1375 
10 2 1378 4264 1374 
10 2 2369 4523 1375 
10 2 1376 1694 1377 
10 2 1376 4264 4193 
10 2 1685 1765 1378 
10 2 1379 2618 2362 
10 2 1384 1385 1383 
10 2 1383 4023 2685 
10 2 1384 1387 1386 
10 2 1386 1390 1385 
10 2 1388 4335 1386 
10 2 1387 2371 1389 
10 2 1394 4491 1388 
10 2 2371 4450 1389 
10 2 1390 1392 1391 
10 2 1392 1393 1391 
10 2 1392 1723 1393 
10 2 1808 1997 1394 
10 2 1395 1903 1809 
10 2 1416 1417 1415 
10 2 1418 1419 1417 
10 2 1418 4287 1424 
10 2 1419 1421 1420 
10 2 2373 4309 1420 
10 2 1421 1427 1422 
10 2 1425 1717 1423 
10 2 1424 2368 1426 
10 2 1426 4298 1780 
10 2 1427 1810 1428 
10 2 2935 4313 1428 
10 2 1460 1461 1459 
10 2 1459 4332 4331 
10 2 1460 4344 4301 
10 2 1462 1463 1461 
10 2 1462 4301 1466 
10 2 1463 1467 1464 
10 2 1465 4314 1463 
10 2 2381 4332 1464 
10 2 1471 1801 1465 
10 2 1466 4302 1472 
10 2 1467 1469 1468 
10 2 1469 1710 1470 
10 2 1924 4371 1470 
10 2 1783 4296 1471 
10 2 1472 2386 2384 
10 2 1490 1491 1488 
10 2 1497 1498 1496 
10 2 1499 1500 1498 
10 2 1501 1690 1500 
10 2 1524 1525 1505 
10 2 1505 4217 4216 
10 2 4159 4384 1507 
10 2 1507 4382 4167 
10 2 1518 4386 1516 
10 2 1817 4420 1518 
10 2 1519 4121 1818 
10 2 1526 1527 1525 
10 2 1525 4315 4217 
10 2 1526 4354 1564 
10 2 1528 1529 1527 
10 2 1565 4365 1528 
10 2 1529 1531 1530 
10 2 2366 4315 1530 
10 2 1531 1759 1532 
10 2 1734 4054 1531 
10 2 1540 1541 1533 
10 2 1533 4307 4306 
10 2 1536 4169 2646 
10 2 1540 4290 2659 
10 2 1542 1543 1541 
10 2 1544 1545 1543 
10 2 1544 4316 1547 
10 2 1546 4179 1545 
10 2 1545 1549 1548 
10 2 1787 1854 1546 
10 2 1564 4377 1566 
10 2 1567 4138 1565 
10 2 1566 2393 1568 
10 2 1781 2058 1567 
10 2 1568 4196 1940 
10 2 1670 1672 1671 
10 2 1694 1761 1695 
10 2 1761 1762 1695 
10 2 3961 4118 1695 
10 2 1857 4322 1710 
10 2 1734 4365 4056 
10 2 1759 2080 1760 
10 2 2080 2388 1760 
10 2 2396 4075 1760 
10 2 1761 1829 1762 
10 2 2008 4401 1761 
10 2 1836 3961 1762 
10 2 2081 2256 1765 
10 2 1765 4266 4264 
10 2 4499 4588 1773 
10 2 2067 2304 1779 
10 2 1780 2069 2068 
10 2 1941 4265 1781 
10 2 2385 2387 1783 
10 2 1810 1909 1908 
10 2 1992 2273 1817 
10 2 1818 1993 1992 
10 2 1824 1968 1825 
10 2 1967 4337 1824 
10 2 2115 4387 1825 
10 2 1829 4474 1830 
10 2 1830 2071 1837 
10 2 2101 2109 1836 
10 2 2249 2494 1858 
10 2 1860 2305 1861 
10 2 1918 4396 1871 
10 2 1904 3875 1906 
10 2 2056 2627 1905 
10 2 2620 2621 1916 
10 2 1916 4325 4324 
10 2 2945 2946 1918 
10 2 1919 4343 2668 
10 2 2377 2379 1920 
10 2 1926 2374 1925 
10 2 1968 2289 1969 
10 2 1993 1996 1995 
10 2 1993 2674 1996 
10 2 2476 2805 1995 
10 2 2296 2475 1997 
10 2 2069 2652 2651 
10 2 2071 2247 2072 
10 2 2353 4284 2072 
10 2 2319 4135 2080 
10 2 2080 2389 2388 
10 2 2081 4355 2534 
10 2 2908 2909 2084 
10 2 2909 4115 2084 
10 2 2101 4284 3822 
10 2 4399 4438 2115 
10 2 2533 2560 2256 
10 2 2560 2654 2256 
10 2 2532 2778 2272 
10 2 2289 2546 2383 
10 2 2550 4153 2289 
10 2 2469 2817 2300 
10 2 2465 2818 2305 
10 2 2606 2921 2360 
10 2 4338 4355 2362 
10 2 4351 4352 2366 
10 2 4084 4085 2371 
10 2 2373 4313 4311 
10 2 2700 4451 2374 
10 2 2375 4277 4121 
10 2 4433 4461 2375 
10 2 2386 2959 2943 
10 2 4302 4303 2386 
10 2 2468 2826 2387 
10 2 2389 4356 2388 
10 2 2388 4356 4328 
10 2 2555 2556 2391 
10 2 2392 4262 4161 
10 2 2465 2820 2819 
10 2 2465 4322 2820 
10 2 2468 4363 4362 
10 2 2475 4142 2671 
10 2 2804 3038 2475 
10 2 3950 4492 2477 
10 2 2855 4143 2533 
10 2 2534 2857 2856 
10 2 3890 3895 2535 
10 2 3144 3145 2539 
10 2 2546 2933 2932 
10 2 2556 3086 2655 
10 2 2560 3170 2654 
10 2 2614 3932 3915 
10 2 2614 4434 3933 
10 2 2620 4329 2622 
10 2 2622 2780 2621 
10 2 2664 2954 2623 
10 2 2623 4344 4285 
10 2 2627 4361 4040 
10 2 4217 4352 2642 
10 2 2646 4168 2916 
10 2 2650 4240 2649 
10 2 4041 4119 2651 
10 2 2652 4299 2948 
10 2 2659 4320 4317 
10 2 2663 4340 4070 
10 2 4157 4446 2663 
10 2 2667 4305 2666 
10 2 2666 4389 4261 
10 2 4190 4299 2667 
10 2 2668 4312 4311 
10 2 2674 4507 3948 
10 2 2780 3232 2942 
10 2 3260 3386 2791 
10 2 3227 3308 2813 
10 2 2818 3244 2918 
10 2 2826 2828 2827 
10 2 4198 4296 2827 
10 2 2828 3236 2829 
10 2 3238 4198 2829 
10 2 2857 2858 2856 
10 2 3052 4368 2856 
10 2 2857 4088 2858 
10 2 2858 4336 3053 
10 2 3166 3302 2866 
10 2 2867 3168 3167 
10 2 2908 4089 3849 
10 2 3077 3180 2909 
10 2 3839 3913 2915 
10 2 2921 4402 2922 
10 2 2936 4354 4236 
10 2 4324 4326 2943 
10 2 2947 3240 2946 
10 2 2947 4094 3243 
10 2 2948 4399 4158 
10 2 2949 4350 4253 
10 2 4244 4245 2953 
10 2 2956 4339 4091 
10 2 4303 4340 2959 
10 2 2959 4446 4323 
10 2 2961 4298 4242 
10 2 4242 4389 2961 
10 2 3292 3319 3038 
10 2 3053 4097 3075 
10 2 3139 3953 3952 
10 2 3168 3169 3167 
10 2 4537 4538 3168 
10 2 3216 3218 3217 
10 2 4031 4197 3238 
10 2 4374 4396 3241 
10 2 3271 3273 3272 
10 2 3271 4412 3273 
10 2 3840 4384 3865 
10 2 3865 3868 3867 
10 2 3867 4395 4248 
10 2 4248 4441 3867 
10 2 3892 4522 3894 
10 2 3933 4490 4150 
10 2 3953 3955 3954 
10 2 4000 4001 3998 
10 2 4023 4042 4024 
10 2 4047 4314 4197 
10 2 4055 4133 4054 
10 2 4057 4058 4055 
10 2 4057 4411 4060 
10 2 4059 4061 4058 
10 2 4085 4087 4086 
10 2 4436 4450 4086 
10 2 4338 4425 4088 
10 2 4336 4360 4097 
10 2 4157 4307 4156 
10 2 4390 4395 4160 
10 2 4370 4390 4161 
10 2 4188 4190 4189 
10 2 4192 4387 4191 
10 2 4266 4267 4193 
10 2 4240 4287 4241 
10 2 4260 4421 4294 
10 2 4333 4370 4272 
10 2 4331 4333 4273 
10 2 4310 4330 4309 
10 2 4312 4342 4310 
10 2 4325 4363 4326 
10 2 4507 4634 4584 
10 2 538 2004 537 
10 2 674 676 675 
10 2 1586 4543 719 
10 2 1369 1370 797 
10 2 799 801 800 
10 2 803 4223 800 
10 2 801 4300 802 
10 2 2642 2643 801 
10 2 802 805 804 
10 2 807 4364 804 
10 2 805 1457 806 
10 2 806 3965 808 
10 2 809 4341 807 
10 2 808 811 810 
10 2 1495 1496 809 
10 2 815 4078 812 
10 2 813 4290 814 
10 2 1196 1790 1195 
10 2 1222 3756 1218 
10 2 1889 4518 1332 
10 2 1369 4223 2658 
10 2 1371 1372 1370 
10 2 1370 4523 4486 
10 2 1376 4193 1694 
10 2 1384 1386 1385 
10 2 1390 1391 1385 
10 2 1388 4491 4335 
10 2 1403 1405 1404 
10 2 1927 2934 1457 
10 2 1457 4367 3965 
10 2 1495 4078 2656 
10 2 1499 4297 1502 
10 2 1503 4360 1501 
10 2 1502 2112 1504 
10 2 1749 1852 1503 
10 2 1504 4345 1750 
10 2 1547 4318 1788 
10 2 1750 4348 2953 
10 2 1940 1941 1781 
10 2 1870 4071 1787 
10 2 1788 1914 1871 
10 2 1818 1992 1817 
10 2 4071 4412 1854 
10 2 1909 2390 1908 
10 2 1909 2391 2390 
10 2 1914 2365 1917 
10 2 1917 4219 2944 
10 2 1983 1985 1984 
10 2 1993 1995 1992 
10 2 4245 4456 2075 
10 2 2093 2585 2584 
10 2 4297 4327 2112 
10 2 2112 4346 4345 
10 2 4225 4341 2113 
10 2 2370 4321 2365 
10 2 2370 4318 4317 
10 2 4317 4319 2370 
10 2 2379 2955 2615 
10 2 2465 2819 2818 
10 2 2468 3130 2826 
10 2 2618 4043 2931 
10 2 2643 4350 4300 
10 2 2961 4305 2652 
10 2 2655 4245 4244 
10 2 2672 3227 2813 
10 2 3843 4525 2777 
10 2 2817 3254 2892 
10 2 2828 3303 3236 
10 2 4219 4328 2944 
10 2 2953 4349 4244 
10 2 2956 4348 2955 
10 2 4091 4349 2956 
10 2 3239 4031 3238 
10 2 3271 3272 3270 
10 2 4099 4225 4043 
10 2 4218 4219 4122 
10 2 4315 4352 4217 
10 2 4224 4364 4225 
10 2 4319 4367 4321 
10 2 4327 4421 4346 
10 2 662 4417 660 
10 2 674 675 672 
10 2 745 1324 1323 
10 2 4341 4364 807 
10 2 1231 1233 1232 
10 2 1806 1807 1314 
10 2 1852 4360 1503 
10 2 2194 2281 2196 
10 2 3057 3100 2492 
10 2 2776 3097 2521 
10 2 2529 3029 2579 
10 2 2942 4325 2621 
10 2 4216 4217 2642 
10 2 3031 3079 2764 
10 2 3815 4819 2971 
10 2 682 684 683 
10 2 699 700 698 
10 2 3915 3936 785 
10 2 871 4022 873 
10 2 871 4373 4022 
10 2 1232 2711 1230 
10 2 1236 1769 1243 
10 2 1403 2691 1405 
10 2 1407 1413 1412 
10 2 2619 4180 1613 
10 2 3976 4278 1984 
10 2 2397 2964 2398 
10 2 3125 3164 2840 
10 2 2890 3630 3568 
10 2 3422 3427 3421 
10 2 536 1098 535 
10 2 682 683 680 
10 2 735 736 734 
10 2 776 778 777 
10 2 1001 1002 1000 
10 2 1407 1412 1408 
10 2 1666 1704 1665 
10 2 2001 2126 1715 
10 2 1737 2302 2046 
10 2 2050 2052 2051 
10 2 2260 2529 2076 
10 2 2253 2334 2254 
10 2 2270 2847 2467 
10 2 2378 4727 3748 
10 2 2653 4192 4191 
10 2 3646 3648 3645 
10 2 3824 4579 4574 
10 2 4196 4503 4449 
10 2 1178 1182 1181 
10 2 1226 1729 1728 
10 2 1408 1409 1406 
10 2 1794 2037 2036 
10 2 1891 4519 2376 
10 2 1911 4278 2940 
10 2 2001 2127 2126 
10 2 2133 2134 2131 
10 2 2585 3593 2896 
10 2 3275 3284 3283 
10 2 3865 3867 3866 
10 2 703 704 702 
10 2 1108 1485 1484 
10 2 1267 1269 1268 
10 2 2685 4471 1381 
10 2 1390 1773 1392 
10 2 1530 4315 1527 
10 2 1687 1744 1743 
10 2 1839 1841 1840 
10 2 2580 2581 1892 
10 2 2205 2206 2203 
10 2 4070 4340 2664 
10 2 4096 4439 2693 
10 2 2740 3261 2789 
10 2 3865 3866 3864 
10 2 485 3858 484 
10 2 629 649 648 
10 2 706 707 704 
10 2 706 708 707 
10 2 714 2683 713 
10 2 733 2397 1580 
10 2 754 4560 753 
10 2 755 756 754 
10 2 786 2614 785 
10 2 786 4434 2614 
10 2 1326 1328 1327 
10 2 1383 2685 1381 
10 2 1687 1743 1686 
10 2 1855 2318 2317 
10 2 1911 2940 1910 
10 2 1987 1988 1985 
10 2 2041 2243 2040 
10 2 3791 4709 2361 
10 2 2931 4338 2362 
10 2 2364 3841 2951 
10 2 2365 4321 4122 
10 2 2923 2924 2400 
10 2 4346 4421 2615 
10 2 2628 4528 4476 
10 2 2691 4409 3884 
10 2 192 3925 191 
10 2 376 4489 4051 
10 2 711 712 710 
10 2 1111 1113 1112 
10 2 1178 1181 1177 
10 2 1702 1703 1279 
10 2 1334 1706 1333 
10 2 1334 1707 1706 
10 2 2907 2908 2084 
10 2 2401 2402 2110 
10 2 4158 4399 2115 
10 2 2525 3798 3797 
10 2 4261 4389 2650 
10 2 4301 4344 2954 
10 2 3968 3969 3967 
10 2 1360 4145 471 
10 2 534 1483 533 
10 2 649 653 648 
10 2 884 4146 882 
10 2 948 950 949 
10 2 2693 4440 1475 
10 2 1550 2657 1926 
10 2 1772 2076 1603 
10 2 1666 1705 1704 
10 2 1855 2440 2318 
10 2 1924 4395 4390 
10 2 2380 4393 4152 
10 2 2397 3983 2964 
10 2 2895 3808 3489 
10 2 3953 3954 3952 
10 2 3982 4199 3980 
10 2 629 648 628 
10 2 948 949 947 
10 2 1506 1687 1686 
10 2 1518 4420 4386 
10 2 1719 1855 1718 
10 2 1792 1953 1952 
10 2 1792 4808 2255 
10 2 1897 1898 1896 
10 2 1924 4390 4371 
10 2 2383 4158 1969 
10 2 2078 2253 2252 
10 2 2090 2325 2263 
10 2 2309 3061 2310 
10 2 2560 3172 3170 
10 2 2648 4157 2663 
10 2 2857 4338 4088 
10 2 3243 3299 3242 
10 2 4258 4259 4006 
10 2 4056 4365 4138 
10 2 4294 4421 4137 
10 2 609 4407 437 
10 2 764 4234 767 
10 2 1233 1235 1234 
10 2 1506 1686 1482 
10 2 1572 1575 1574 
10 2 2403 4117 1579 
10 2 1912 1913 1911 
10 2 1986 1987 1985 
10 2 2090 2263 2089 
10 2 2101 3822 2624 
10 2 2560 4143 3172 
10 2 2955 4348 4345 
10 2 3051 3146 3124 
10 2 3275 3283 3274 
10 2 4047 4197 4031 
10 2 452 4459 451 
10 2 688 689 686 
10 2 733 4487 2397 
10 2 883 2380 885 
10 2 910 4048 913 
10 2 958 960 959 
10 2 1041 2887 1951 
10 2 1054 4628 1053 
10 2 1233 1238 1235 
10 2 1244 3850 1237 
10 2 1493 1494 1491 
10 2 1521 4192 1515 
10 2 1550 1926 1925 
10 2 1562 1563 1559 
10 2 1572 1574 1573 
10 2 1689 1892 1891 
10 2 1819 2695 2694 
10 2 2461 2462 1828 
10 2 2750 2814 2751 
10 2 4161 4390 4160 
10 2 361 4123 590 
10 2 773 2687 2686 
10 2 842 4261 841 
10 2 1199 2349 1197 
10 2 1489 1492 1490 
10 2 2375 4121 1519 
10 2 1576 1577 1573 
10 2 1724 4497 1912 
10 2 2023 2294 1923 
10 2 1979 2738 1950 
10 2 3103 4132 2724 
10 2 35 3972 34 
10 2 679 680 678 
10 2 705 706 704 
10 2 1158 1159 1157 
10 2 1432 4194 1434 
10 2 1489 1833 1492 
10 2 1945 2968 1611 
10 2 2979 4378 1754 
10 2 1859 1957 1800 
10 2 2490 3557 2824 
10 2 2689 2957 2688 
10 2 4214 4372 2899 
10 2 3981 4215 3982 
10 2 703 1907 705 
10 2 804 4364 803 
10 2 848 4334 846 
10 2 1006 1007 1004 
10 2 1242 1245 1241 
10 2 1990 3940 1686 
10 2 2408 2437 1729 
10 2 2065 2066 1742 
10 2 2018 2019 2016 
10 2 3870 4025 2290 
10 2 2684 4520 4501 
10 2 2954 4303 4302 
10 2 4345 4346 2955 
10 2 4382 4384 3840 
10 2 3981 4512 4215 
10 2 684 685 683 
10 2 788 4434 786 
10 2 1006 1008 1007 
10 2 1297 1301 1296 
10 2 1602 2347 1604 
10 2 1644 1645 1642 
10 2 1912 2275 1982 
10 2 1990 4586 4541 
10 2 2120 3981 3980 
10 2 2205 2208 2207 
10 2 2485 2793 2288 
10 2 2504 3054 2503 
10 2 4408 4495 2657 
10 2 2710 4823 4749 
10 2 2954 4302 4301 
10 2 4482 4503 4246 
10 2 191 3925 543 
10 2 844 4262 847 
10 2 1038 1039 1036 
10 2 1332 2116 1330 
10 2 1946 2107 1563 
10 2 1578 4437 4282 
10 2 1579 1823 1822 
10 2 1600 1606 1605 
10 2 1785 1786 1620 
10 2 1865 1866 1703 
10 2 1823 1876 1875 
10 2 1876 2084 1875 
10 2 2119 2963 2118 
10 2 2120 4496 3981 
10 2 2695 3870 2816 
10 2 4131 4606 4231 
10 2 4187 4191 4188 
10 2 437 4407 436 
10 2 756 4039 754 
10 2 781 1584 1538 
10 2 1297 1302 1301 
10 2 1780 4298 2069 
10 2 1803 2011 1802 
10 2 1824 4337 1968 
10 2 2109 3961 1836 
10 2 2707 4516 1843 
10 2 2674 3948 1996 
10 2 2238 3517 2250 
10 2 2654 4266 2256 
10 2 2364 2549 2260 
10 2 2922 4359 2360 
10 2 4305 4389 2666 
10 2 2748 3099 3056 
10 2 2804 3292 3038 
10 2 2867 3167 3166 
10 2 4168 4382 2916 
10 2 2932 4119 4041 
10 2 3707 3821 3820 
10 2 902 903 900 
10 2 1311 1312 1309 
10 2 1602 1603 1601 
10 2 2002 2452 1960 
10 2 2652 4305 4299 
10 2 2722 2724 2723 
10 2 2811 4808 4654 
10 2 4129 4494 4127 
10 2 720 3733 723 
10 2 781 4235 1584 
10 2 4168 4169 855 
10 2 873 1382 1381 
10 2 902 904 903 
10 2 1223 1693 1585 
10 2 1274 1587 1277 
10 2 2697 4532 1351 
10 2 1439 1978 1826 
10 2 1854 4179 1546 
10 2 2431 4642 1607 
10 2 2014 2016 2015 
10 2 2056 4227 2672 
10 2 2093 2584 2094 
10 2 2869 4964 2315 
10 2 2412 2985 2539 
10 2 3038 4142 2475 
10 2 2530 3251 2772 
10 2 2947 3243 3242 
10 2 4224 4225 4099 
10 2 4167 4382 4168 
10 2 898 900 899 
10 2 1803 2012 2011 
10 2 2197 4667 2200 
10 2 2204 2205 2203 
10 2 2422 2984 2423 
10 2 2476 3039 2805 
10 2 2496 3116 3115 
10 2 2806 3296 3234 
10 2 2924 3846 2925 
10 2 3026 3200 3025 
10 2 898 899 896 
10 2 1478 1479 1476 
10 2 1599 1602 1601 
10 2 1848 1936 1847 
10 2 2356 2524 2311 
10 2 484 3858 635 
10 2 583 4204 4203 
10 2 661 1108 663 
10 2 758 759 756 
10 2 1070 1164 1069 
10 2 1219 1221 1220 
10 2 1359 1718 1358 
10 2 1528 4365 1529 
10 2 1597 1598 1596 
10 2 2422 2423 1850 
10 2 1904 4402 3875 
10 2 2032 2520 2306 
10 2 2496 4759 3116 
10 2 2582 3050 3049 
10 2 2618 4099 4043 
10 2 752 754 753 
10 2 800 4223 798 
10 2 1169 1171 1170 
10 2 1389 1395 1394 
10 2 1485 1487 1486 
10 2 1622 1796 1795 
10 2 1890 2345 1889 
10 2 2052 2121 2051 
10 2 2194 2195 2193 
10 2 2325 2880 2553 
10 2 2356 3490 2524 
10 2 2641 3951 2639 
10 2 3853 3854 2992 
10 2 228 3719 227 
10 2 721 1659 1586 
10 2 767 768 766 
10 2 770 771 768 
10 2 999 2609 1001 
10 2 1219 1224 1221 
10 2 1436 4435 1433 
10 2 1479 4199 1476 
10 2 1692 2120 1481 
10 2 1579 1822 1578 
10 2 1823 1875 1822 
10 2 2747 2752 2064 
10 2 2140 2257 2141 
10 2 4078 4137 2656 
10 2 2722 2743 2724 
10 2 558 3929 459 
10 2 737 3882 2358 
10 2 790 4236 793 
10 2 1084 1085 1083 
10 2 1257 2415 1255 
10 2 1608 1609 1607 
10 2 1614 2670 1612 
10 2 1613 4180 1615 
10 2 2011 4473 2545 
10 2 2052 4819 2121 
10 2 2102 2103 2057 
10 2 2247 2352 2072 
10 2 2103 2105 2104 
10 2 2297 2554 2184 
10 2 2298 3048 3047 
10 2 2372 2526 2307 
10 2 2906 2976 2342 
10 2 3293 3294 2805 
10 2 2865 2867 2866 
10 2 2935 4339 4243 
10 2 4058 4133 4055 
10 2 1084 1086 1085 
10 2 1250 4080 1248 
10 2 1950 4556 1440 
10 2 4248 4395 1924 
10 2 2056 2672 2627 
10 2 2088 2089 2060 
10 2 2590 2591 2070 
10 2 2350 3883 2913 
10 2 2459 2833 2832 
10 2 2490 2824 2489 
10 2 2556 3135 3086 
10 2 2947 3242 3240 
10 2 3448 3449 3447 
10 2 3647 3651 3644 
10 2 3814 4811 3690 
10 2 1217 1218 1216 
10 2 1359 1719 1718 
10 2 1469 4047 1857 
10 2 4188 4189 1535 
10 2 1586 4775 4543 
10 2 1904 1906 1905 
10 2 1986 4126 4125 
10 2 2018 2721 2019 
10 2 2189 2191 2190 
10 2 4362 4363 2942 
10 2 3879 4724 4646 
10 2 659 660 658 
10 2 1441 1596 701 
10 2 736 4212 734 
10 2 1257 3919 2415 
10 2 2653 4308 1511 
10 2 1613 1615 1614 
10 2 1900 1902 1901 
10 2 2809 3173 2483 
10 2 2571 2861 2860 
10 2 2896 3604 2584 
10 2 3257 4092 2634 
10 2 3258 3716 3257 
10 2 3671 4925 4632 
10 2 108 4171 1448 
10 2 1948 1949 689 
10 2 709 2629 707 
10 2 936 3914 939 
10 2 1438 1820 1819 
10 2 1514 1516 1515 
10 2 1626 1628 1627 
10 2 4151 4523 2369 
10 2 2677 4246 2936 
10 2 694 696 695 
10 2 701 4665 698 
10 2 708 709 707 
10 2 718 719 716 
10 2 798 4223 1369 
10 2 984 986 985 
10 2 1387 4084 2371 
10 2 1908 2935 1428 
10 2 1532 2366 1530 
10 2 1658 2239 1774 
10 2 1673 1851 1671 
10 2 1683 1962 1682 
10 2 1753 1754 1692 
10 2 2258 2499 1863 
10 2 1866 1880 1879 
10 2 2345 2363 1889 
10 2 1926 4549 2700 
10 2 2094 2532 2272 
10 2 2137 2140 2139 
10 2 2396 4253 4075 
10 2 4189 4190 2667 
10 2 2677 4482 4246 
10 2 2949 4253 4218 
10 2 3051 3124 3050 
10 2 3867 4441 3866 
10 2 197 3911 196 
10 2 697 2730 695 
10 2 719 4543 716 
10 2 784 785 783 
10 2 796 798 797 
10 2 909 4766 4048 
10 2 1130 1132 1131 
10 2 1215 3878 2604 
10 2 3722 3723 1537 
10 2 2581 4063 1892 
10 2 2053 2054 2052 
10 2 2133 2136 2135 
10 2 2742 3639 2750 
10 2 2949 4218 4122 
10 2 685 3804 683 
10 2 2936 4236 789 
10 2 793 794 792 
10 2 794 796 795 
10 2 796 797 795 
10 2 2663 4070 825 
10 2 829 4070 2664 
10 2 834 4286 1414 
10 2 1112 4686 1107 
10 2 1111 2995 1113 
10 2 1259 1740 1739 
10 2 1723 1724 1393 
10 2 1900 1901 1820 
10 2 1845 1847 1846 
10 2 1908 4091 2935 
10 2 2042 4787 4504 
10 2 3043 4304 2292 
10 2 2293 3044 3042 
10 2 3678 4840 2484 
10 2 2502 4958 3215 
10 2 2661 2662 2660 
10 2 2679 4796 2735 
10 2 2798 2800 2799 
10 2 3594 3596 3595 
10 2 4371 4390 4370 
10 2 1733 3923 88 
10 2 673 674 672 
10 2 712 715 714 
10 2 724 725 722 
10 2 834 1414 833 
10 2 4837 4940 1130 
10 2 1303 1981 1821 
10 2 4022 4084 1382 
10 2 1477 1482 1478 
10 2 1477 1506 1482 
10 2 1631 1794 1793 
10 2 1658 1774 1657 
10 2 1766 2444 2258 
10 2 1898 2490 2489 
10 2 2379 2615 1920 
10 2 1926 2700 2374 
10 2 1940 4196 2413 
10 2 2088 2090 2089 
10 2 2325 2553 2263 
10 2 2297 2806 2554 
10 2 2668 4243 2377 
10 2 4431 4597 2401 
10 2 2798 2799 2797 
10 2 3048 3071 3047 
10 2 3663 4589 4030 
10 2 3954 3960 3952 
10 2 775 4464 4215 
10 2 803 4364 4224 
10 2 1074 1076 1075 
10 2 1815 1816 1577 
10 2 2615 4260 1920 
10 2 1956 2442 2282 
10 2 2121 2710 2692 
10 2 2143 2146 2145 
10 2 2615 4421 4260 
10 2 4137 4327 2656 
10 2 2668 4311 4243 
10 2 4144 4238 2670 
10 2 3247 4102 2787 
10 2 2930 3984 3750 
10 2 3955 3956 3954 
10 2 602 4258 402 
10 2 4096 4234 763 
10 2 826 4070 829 
10 2 3744 4703 1238 
10 2 1515 4192 1513 
10 2 1549 2620 1916 
10 2 1761 4401 1829 
10 2 2440 2807 2318 
10 2 2622 3271 3270 
10 2 2743 3102 3101 
10 2 2908 3077 2909 
10 2 3247 4103 4102 
10 2 187 3967 186 
10 2 715 717 716 
10 2 717 718 716 
10 2 724 726 725 
10 2 1189 1191 1190 
10 2 1997 4491 1394 
10 2 1584 2689 2688 
10 2 1690 4360 4336 
10 2 1721 4652 2540 
10 2 1772 2260 2076 
10 2 1787 4071 1854 
10 2 2045 2299 2044 
10 2 2772 2873 2269 
10 2 4137 4421 4327 
10 2 684 687 686 
10 2 688 691 690 
10 2 779 4235 781 
10 2 886 888 887 
10 2 1005 1006 1004 
10 2 1073 1074 1072 
10 2 1240 1242 1241 
10 2 1575 1578 1574 
10 2 1615 1617 1616 
10 2 2117 2434 1705 
10 2 1815 4533 1998 
10 2 2255 2810 2480 
10 2 2459 2832 2466 
10 2 2690 2930 2929 
10 2 4649 4927 2743 
10 2 2904 3493 2905 
10 2 3066 3083 3065 
10 2 717 1264 718 
10 2 732 734 733 
10 2 751 752 750 
10 2 894 3931 897 
10 2 1056 1057 1054 
10 2 1143 2091 1136 
10 2 1517 1518 1516 
10 2 1609 2431 1607 
10 2 1616 4144 1614 
10 2 1791 1869 1790 
10 2 1898 2489 2246 
10 2 3445 3446 3443 
10 2 148 4467 4405 
10 2 152 4065 1363 
10 2 400 4181 1339 
10 2 705 1943 706 
10 2 741 1430 1429 
10 2 1382 1384 1383 
10 2 1522 2619 1613 
10 2 2066 3367 1742 
10 2 1845 4516 1848 
10 2 1991 4631 4533 
10 2 4075 4351 2366 
10 2 4323 4324 2943 
10 2 3481 3483 3482 
10 2 3892 3893 3891 
10 2 1134 4947 1135 
10 2 1152 1157 1150 
10 2 1642 4583 1640 
10 2 1672 1674 1673 
10 2 2155 2158 2157 
10 2 676 679 678 
10 2 748 4201 751 
10 2 1200 1201 1199 
10 2 1595 1994 1745 
10 2 4182 4183 1775 
10 2 2443 4660 1955 
10 2 2485 3070 2793 
10 2 2514 2515 2512 
10 2 2863 3092 3091 
10 2 3892 3894 3893 
10 2 1262 2429 665 
10 2 740 742 741 
10 2 913 1553 1552 
10 2 1302 1763 1301 
10 2 1570 4488 1572 
10 2 1672 1675 1674 
10 2 1772 2364 2260 
10 2 1830 1837 1836 
10 2 1956 2282 2031 
10 2 2671 4491 1997 
10 2 2115 4438 4387 
10 2 2129 2131 2130 
10 2 4043 4163 2931 
10 2 673 1944 1611 
10 2 913 4048 1553 
10 2 1522 1613 1612 
10 2 2393 4196 1568 
10 2 1770 2284 2002 
10 2 2009 2010 1807 
10 2 4432 4931 3249 
10 2 4598 4604 4378 
10 2 671 4214 668 
10 2 994 995 992 
10 2 1374 4264 1376 
10 2 1861 4248 1711 
10 2 1756 4959 3743 
10 2 2699 4035 1934 
10 2 2001 2128 2127 
10 2 2008 4493 4401 
10 2 3514 4999 3512 
10 2 4398 4535 3902 
10 2 4441 4484 4141 
10 2 350 4208 349 
10 2 994 996 995 
10 2 1052 1053 1051 
10 2 1052 1054 1053 
10 2 1275 1725 1278 
10 2 4097 4360 1852 
10 2 2390 4091 1908 
10 2 2538 4265 1941 
10 2 2022 2264 2021 
10 2 3872 3873 2414 
10 2 2803 3040 2478 
10 2 2502 3215 2782 
10 2 2548 3183 2851 
10 2 3862 3863 2603 
10 2 2646 4169 4168 
10 2 2650 4389 4242 
10 2 4023 4024 2685 
10 2 3240 3241 2946 
10 2 4299 4399 2948 
10 2 4003 4004 4002 
10 2 4057 4059 4058 
10 2 4325 4326 4324 
10 2 1272 1274 1273 
10 2 1592 2123 1590 
10 2 2108 2327 1897 
10 2 3505 4887 2039 
10 2 2638 4687 4419 
10 2 1267 1268 1266 
10 2 1606 1607 1605 
10 2 1794 2035 1793 
10 2 1932 2616 1931 
10 2 2445 2446 2240 
10 2 3206 3208 3207 
10 2 3901 4458 3902 
10 2 596 4164 97 
10 2 1574 4282 1576 
10 2 1721 2540 2245 
10 2 1964 1965 1748 
10 2 1795 4506 2640 
10 2 2603 3850 2355 
10 2 2498 3205 2785 
10 2 2650 4242 4240 
10 2 2663 4446 4340 
10 2 970 971 968 
10 2 1753 2298 2029 
10 2 1791 1886 1869 
10 2 1861 4441 4248 
10 2 1902 2041 2040 
10 2 4300 4350 1927 
10 2 1935 2424 2355 
10 2 1998 2536 2278 
10 2 2212 3472 2213 
10 2 4449 4503 2682 
10 2 2994 4424 2968 
10 2 129 4175 128 
10 2 571 4467 149 
10 2 567 4176 4175 
10 2 667 669 668 
10 2 760 4073 763 
10 2 1339 4181 4003 
10 2 1553 1555 1554 
10 2 2058 4542 4411 
10 2 2822 2823 2261 
10 2 2275 2865 2864 
10 2 2816 3326 3223 
10 2 4007 4010 4009 
10 2 4350 4351 4253 
10 2 636 4033 518 
10 2 693 694 692 
10 2 726 2679 725 
10 2 726 4452 2679 
10 2 882 1522 881 
10 2 967 3777 1167 
10 2 1331 4049 1853 
10 2 3279 3280 2542 
10 2 3705 3706 3698 
10 2 4262 4272 4161 
10 2 960 961 959 
10 2 960 962 961 
10 2 967 1167 969 
10 2 1329 1330 1327 
10 2 1506 4440 2361 
10 2 1710 4322 1860 
10 2 1871 4396 1870 
10 2 2918 4484 2305 
10 2 4163 4425 2931 
10 2 3077 3289 3180 
10 2 4317 4320 4319 
10 2 1491 3869 1488 
10 2 1659 1661 1660 
10 2 1753 4252 2298 
10 2 4449 4604 2413 
10 2 3873 3874 2414 
10 2 3030 3614 2579 
10 2 2994 4706 4424 
10 2 3212 3214 3213 
10 2 723 724 722 
10 2 982 983 980 
10 2 982 984 983 
10 2 1240 2359 1242 
10 2 2678 2988 2426 
10 2 3029 3030 2579 
10 2 2686 4536 4050 
10 2 2708 2911 2726 
10 2 4310 4342 4330 
10 2 102 626 101 
10 2 109 4171 108 
10 2 124 4172 123 
10 2 134 4177 133 
10 2 568 4177 134 
10 2 142 1456 141 
10 2 1456 4254 141 
10 2 147 1362 146 
10 2 152 1363 151 
10 2 157 1364 156 
10 2 162 1365 161 
10 2 167 1366 166 
10 2 407 4406 406 
10 2 688 690 689 
10 2 1005 1928 1634 
10 2 1274 2430 1587 
10 2 1610 4418 3884 
10 2 1799 1800 1633 
10 2 4237 4802 1782 
10 2 1848 2098 1937 
10 2 1849 2938 2937 
10 2 2217 2218 2215 
10 2 2676 2969 2844 
10 2 3180 3181 2909 
10 2 3764 3765 3763 
10 2 4003 4181 4006 
10 2 85 3887 1709 
10 2 949 1403 1367 
10 2 955 956 954 
10 2 1217 1219 1218 
10 2 4050 4488 1570 
10 2 1641 1678 1643 
10 2 1797 1938 1645 
10 2 3294 3947 2805 
10 2 3764 4655 3765 
10 2 3920 3921 3798 
10 2 1040 1041 1039 
10 2 1789 2753 1201 
10 2 1408 4116 1410 
10 2 1976 4116 1412 
10 2 2173 2174 2171 
10 2 2747 4918 2752 
10 2 729 730 728 
10 2 1040 1042 1041 
10 2 1784 1889 1332 
10 2 1648 1650 1649 
10 2 2267 2268 2265 
10 2 2640 3037 3036 
10 2 3224 4580 2696 
10 2 2708 2912 2911 
10 2 3372 3373 3282 
10 2 4434 4490 3933 
10 2 4411 4542 4060 
10 2 1737 2046 1935 
10 2 2357 4427 1900 
10 2 2766 3003 2566 
10 2 4319 4320 2636 
10 2 2683 4072 2684 
10 2 2962 4487 4212 
10 2 3072 3081 3071 
10 2 4486 4523 4151 
10 2 4272 4370 4161 
10 2 4255 4289 373 
10 2 704 4527 702 
10 2 767 1473 769 
10 2 946 948 947 
10 2 1225 4573 1764 
10 2 1245 2007 1241 
10 2 2047 4585 1786 
10 2 1890 2548 2346 
10 2 2037 2592 2332 
10 2 2348 4392 4148 
10 2 3276 4544 2781 
10 2 3110 4832 4810 
10 2 3999 4000 3998 
10 2 697 2982 2730 
10 2 764 765 762 
10 2 1215 2604 1217 
10 2 1922 2343 1585 
10 2 1830 4474 2071 
10 2 1993 4540 2674 
10 2 2323 2876 2322 
10 2 3186 4281 2669 
10 2 3897 4711 4700 
10 2 709 4220 2631 
10 2 1021 2351 1954 
10 2 2486 2487 1939 
10 2 4072 4593 2376 
10 2 711 4845 4521 
10 2 735 4232 2612 
10 2 760 761 759 
10 2 1575 4488 2403 
10 2 1729 2055 1728 
10 2 4430 4431 2401 
10 2 3624 3626 3625 
10 2 4046 4603 4180 
10 2 676 678 677 
10 2 943 944 942 
10 2 1011 1012 1010 
10 2 1224 1225 1221 
10 2 1435 1436 1433 
10 2 1813 1946 1563 
10 2 2209 2210 2207 
10 2 4369 4461 2637 
10 2 2941 4393 4024 
10 2 4348 4349 2953 
10 2 4424 4706 2973 
10 2 3084 4860 3118 
10 2 3201 3202 3200 
10 2 402 4258 401 
10 2 602 4259 4258 
10 2 1156 1161 1155 
10 2 1192 1197 1190 
10 2 1557 1560 1558 
10 2 2941 4042 1910 
10 2 1913 4278 1911 
10 2 2159 2160 2157 
10 2 2424 2599 2355 
10 2 2675 4279 2676 
10 2 4046 4754 4603 
10 2 4238 4599 4239 
10 2 1171 1174 1173 
10 2 1433 4435 1431 
10 2 2592 3609 3559 
10 2 3201 3203 3202 
10 2 1094 1103 1099 
10 2 1821 2736 1304 
10 2 1490 1493 1491 
10 2 1999 2401 2110 
10 2 2108 2928 2350 
10 2 2189 2190 2187 
10 2 2500 3055 2501 
10 2 3084 3118 3117 
10 2 893 4458 3931 
10 2 1480 1775 1691 
10 2 2280 2998 1745 
10 2 1766 2258 1863 
10 2 2771 3248 2528 
10 2 2814 3155 2751 
10 2 3177 3178 2783 
10 2 3201 3204 3203 
10 2 901 4764 4763 
10 2 1300 4469 2333 
10 2 1353 1358 1354 
10 2 1557 1561 1560 
10 2 2423 4869 2706 
10 2 4508 4509 2587 
10 2 2836 2837 2762 
10 2 694 695 692 
10 2 717 1265 1264 
10 2 972 973 971 
10 2 2900 4762 1204 
10 2 1300 2333 1298 
10 2 1351 4532 1353 
10 2 1480 4182 1775 
10 2 2426 2427 1814 
10 2 4476 4772 2357 
10 2 2871 2872 2766 
10 2 459 3929 458 
10 2 1328 1334 1333 
10 2 1527 4315 1525 
10 2 1618 1621 1617 
10 2 1860 4322 2465 
10 2 2305 4484 1861 
10 2 1915 4323 2367 
10 2 2381 4370 4333 
10 2 2847 3104 2467 
10 2 4056 4411 4057 
10 2 687 4472 3747 
10 2 1370 4486 797 
10 2 843 4273 4272 
10 2 864 4429 867 
10 2 1059 1060 1058 
10 2 1473 2693 1475 
10 2 3854 3855 2992 
10 2 365 3922 364 
10 2 1171 1173 1172 
10 2 1834 4460 1492 
10 2 1664 1667 1662 
10 2 2208 2209 2207 
10 2 2585 2896 2584 
10 2 2647 4539 4195 
10 2 2800 3336 3335 
10 2 3643 3646 3645 
10 2 843 4272 4262 
10 2 914 915 912 
10 2 1018 1019 1016 
10 2 1255 4080 1250 
10 2 1999 2110 1816 
10 2 2193 4546 2291 
10 2 3115 4920 3001 
10 2 787 4428 2677 
10 2 858 4274 1510 
10 2 1139 1140 1138 
10 2 2658 4353 1371 
10 2 1656 1658 1657 
10 2 1903 4450 4436 
10 2 2702 4700 2980 
10 2 2986 4925 3671 
10 2 4474 4522 3892 
10 2 3939 4748 4685 
10 2 1139 1141 1140 
10 2 1314 2378 1312 
10 2 4236 4354 1524 
10 2 2147 4853 2145 
10 2 2169 2172 2171 
10 2 2786 3881 3255 
10 2 3600 3661 3599 
10 2 3643 3645 3644 
10 2 4330 4342 831 
10 2 1371 4353 1373 
10 2 1524 4354 1526 
10 2 1927 4350 2949 
10 2 4825 4826 2419 
10 2 1076 1077 1075 
10 2 1177 4732 4465 
10 2 1829 4522 4474 
10 2 2786 2787 2283 
10 2 4549 4634 2700 
10 2 3178 4757 2783 
10 2 3446 4780 3443 
10 2 2360 4359 861 
10 2 1381 4471 874 
10 2 1685 4355 2081 
10 2 3862 4170 1907 
10 2 1929 2719 2661 
10 2 2952 3137 2549 
10 2 2736 2903 2737 
10 2 3261 3263 2789 
10 2 2800 3335 2799 
10 2 3232 4362 2942 
10 2 3532 4945 3530 
10 2 397 4230 396 
10 2 1740 2045 2044 
10 2 2657 4549 1926 
10 2 2221 2222 2219 
10 2 2853 3541 2470 
10 2 4105 4630 2716 
10 2 2942 4363 4325 
10 2 339 3924 1444 
10 2 1154 4862 2324 
10 2 1260 2006 1804 
10 2 2736 2737 1304 
10 2 2637 4433 1512 
10 2 1740 2044 1739 
10 2 2302 3066 3065 
10 2 3040 3041 2478 
10 2 3137 4581 2549 
10 2 2582 3049 2581 
10 2 1110 1117 1109 
10 2 1175 4465 2030 
10 2 1187 1189 1188 
10 2 1962 2917 1682 
10 2 4543 4775 2683 
10 2 4278 4288 2940 
10 2 2979 4675 4674 
10 2 3450 3451 3449 
10 2 3982 4464 4200 
10 2 1359 4532 1942 
10 2 1881 1882 1722 
10 2 2601 3919 1850 
10 2 2302 3065 2500 
10 2 2507 2508 2506 
10 2 2581 4605 4063 
10 2 3534 3535 2881 
10 2 97 4164 96 
10 2 4276 4369 865 
10 2 1375 4523 1372 
10 2 1529 4365 1734 
10 2 2833 2835 2834 
10 2 2931 4425 4338 
10 2 2940 4152 2941 
10 2 2940 4288 4152 
10 2 2956 4349 4348 
10 2 188 3966 187 
10 2 860 4274 858 
10 2 1662 4593 1660 
10 2 2510 2519 2509 
10 2 2071 4474 2491 
10 2 436 4407 4052 
10 2 1294 1297 1296 
10 2 1660 4775 1586 
10 2 1650 1654 1652 
10 2 2362 4355 1685 
10 2 2285 4853 2150 
10 2 2401 4597 2402 
10 2 2568 2766 2566 
10 2 3361 3366 2662 
10 2 987 2972 989 
10 2 1310 1316 1315 
10 2 2087 2088 2060 
10 2 2158 2159 2157 
10 2 1951 4647 1039 
10 2 2694 4498 1437 
10 2 1704 1862 1665 
10 2 2520 3096 3095 
10 2 686 4462 685 
10 2 1132 1137 1134 
10 2 1534 4510 3793 
10 2 1838 4754 4139 
10 2 4504 4611 2042 
10 2 2137 2139 2138 
10 2 4497 4537 2865 
10 2 671 4372 4214 
10 2 1603 4627 1601 
10 2 3667 4882 4851 
10 2 1413 1732 1731 
10 2 1635 2449 1963 
10 2 1792 2255 1953 
10 2 2320 4699 1865 
10 2 2782 2783 2428 
10 2 2963 4599 4238 
10 2 888 4044 887 
10 2 970 4718 4113 
10 2 4563 4716 2404 
10 2 2806 3234 2554 
10 2 2597 3815 2971 
10 2 2833 2834 2832 
10 2 1932 2973 2616 
10 2 443 4027 442 
10 2 2055 2308 1728 
10 2 1979 2739 2738 
10 2 3129 4280 2466 
10 2 2476 4492 3039 
10 2 1122 1873 1120 
10 2 1332 4518 2116 
10 2 2778 2779 2272 
10 2 4235 4512 2689 
10 2 311 4553 581 
10 2 2251 2809 2483 
10 2 2372 4513 2526 
10 2 2990 3519 2435 
10 2 2654 4267 4266 
10 2 3559 4903 2715 
10 2 3385 4079 3381 
10 2 896 4505 895 
10 2 1078 2715 1077 
10 2 1088 1089 1086 
10 2 1175 2030 1179 
10 2 1598 4666 1596 
10 2 1599 4646 1602 
10 2 1705 1867 1704 
10 2 791 4490 4434 
10 2 1329 4049 1331 
10 2 2287 2747 2064 
10 2 2119 4634 2963 
10 2 2119 4585 4584 
10 2 2848 2849 2847 
10 2 4279 4550 2969 
10 2 3010 3786 2977 
10 2 4507 4584 3948 
10 2 1303 1304 1300 
10 2 4498 4580 1978 
10 2 2922 4592 4359 
10 2 2950 3659 3143 
10 2 3278 3286 3285 
10 2 4632 4659 2122 
10 2 2238 5023 5016 
10 2 3022 5050 5038 
10 2 3072 4483 3132 
10 2 3368 3430 3369 
10 2 3422 3428 3427 
10 2 3851 4607 1358 
10 2 1440 4422 1436 
10 2 2692 4563 2051 
10 2 2057 4227 2056 
10 2 2841 3023 2842 
10 2 3639 4916 4875 
10 2 3884 4409 953 
10 2 1440 4556 4422 
10 2 2000 2001 1715 
10 2 1746 3392 3389 
10 2 1758 2026 1757 
10 2 1978 4463 1826 
10 2 1887 2600 2338 
10 2 1912 4497 2275 
10 2 2477 4492 2476 
10 2 3196 4769 2494 
10 2 3775 3836 3835 
10 2 4138 4411 4056 
10 2 1888 2714 1368 
10 2 1636 1670 1669 
10 2 1692 4515 2120 
10 2 2405 4574 1876 
10 2 3064 4755 2310 
10 2 3043 4771 4304 
10 2 3530 4237 3527 
10 2 942 2702 941 
10 2 1290 1292 1291 
10 2 1561 1803 1802 
10 2 1632 1633 1627 
10 2 3860 4735 1833 
10 2 2179 2180 2178 
10 2 2582 3051 3050 
10 2 3211 3212 3210 
10 2 4574 4629 3824 
10 2 975 2382 977 
10 2 1350 2583 1348 
10 2 4035 4470 1933 
10 2 2007 4931 3927 
10 2 2698 2919 2406 
10 2 2957 4515 4378 
10 2 1212 1213 1207 
10 2 1252 1255 1250 
10 2 2225 2227 2226 
10 2 2600 3831 3830 
10 2 2912 3971 3970 
10 2 3390 3400 3388 
10 2 3805 3806 3804 
10 2 784 4428 787 
10 2 1654 1655 1652 
10 2 713 4220 710 
10 2 916 4221 919 
10 2 2212 2213 2211 
10 2 4623 4901 4795 
10 2 70 4081 69 
10 2 707 4527 704 
10 2 1945 4826 2994 
10 2 2580 4479 2582 
10 2 4655 4876 3765 
10 2 630 4768 508 
10 2 1026 4870 4661 
10 2 1079 1202 1081 
10 2 1123 4967 1125 
10 2 2278 4430 1999 
10 2 2169 2171 2170 
10 2 2201 2202 2199 
10 2 4428 4482 2677 
10 2 2723 3774 3772 
10 2 2923 4908 4721 
10 2 2995 4809 2996 
10 2 925 2417 2416 
10 2 2781 4550 2278 
10 2 3369 3371 3370 
10 2 3531 3532 3530 
10 2 2639 4226 1621 
10 2 2235 2236 2027 
10 2 2542 4667 2196 
10 2 2673 4673 3735 
10 2 3676 4625 3677 
10 2 550 4110 225 
10 2 875 4495 4408 
10 2 3097 3695 2521 
10 2 1141 1144 1140 
10 2 1558 4394 1562 
10 2 2964 4623 2398 
10 2 2529 4581 3080 
10 2 2671 4499 4491 
10 2 4422 4556 2964 
10 2 872 4408 870 
10 2 945 1887 1368 
10 2 1435 1439 1436 
10 2 2182 2183 2181 
10 2 1261 3919 1257 
10 2 1807 4761 1314 
10 2 4705 4806 2924 
10 2 3748 4626 1307 
10 2 3773 4473 2015 
10 2 2017 2125 2018 
10 2 2903 5001 4818 
10 2 1034 4647 2729 
10 2 1223 1585 1222 
10 2 3084 3117 3085 
10 2 3529 3530 3527 
10 2 1262 2899 2898 
10 2 1597 4646 1599 
10 2 1640 2644 1638 
10 2 2191 2194 2193 
10 2 2220 2221 2219 
10 2 2255 2811 2810 
10 2 2698 4621 4418 
10 2 1437 4498 1435 
10 2 2354 2406 1732 
10 2 2294 3005 1923 
10 2 2966 3938 2601 
10 2 2695 2696 2694 
10 2 2732 2997 2757 
10 2 922 4609 925 
10 2 957 958 956 
10 2 2262 4437 1822 
10 2 2022 3801 2266 
10 2 1275 4637 1725 
10 2 974 1921 973 
10 2 2087 2574 2092 
10 2 4291 4292 1114 
10 2 727 729 728 
10 2 740 4269 743 
10 2 901 4763 902 
10 2 902 905 904 
10 2 1058 4743 1635 
10 2 1266 4508 2587 
10 2 2967 4589 3663 
10 2 4019 4027 443 
10 2 2295 2478 2000 
10 2 2087 4738 2574 
10 2 4494 4892 4127 
10 2 255 614 254 
10 2 776 4251 779 
10 2 2191 2193 2192 
10 2 2591 2798 2797 
10 2 4231 4606 4021 
10 2 260 1227 259 
10 2 323 1697 322 
10 2 363 1708 362 
10 2 2123 4695 1590 
10 2 1675 1676 1674 
10 2 2599 2603 2355 
10 2 4703 4849 2359 
10 2 2562 2758 2462 
10 2 1023 1024 1022 
10 2 1238 4703 1240 
10 2 1945 2994 2968 
10 2 1998 4533 2536 
10 2 2508 2509 2506 
10 2 3032 3034 3033 
10 2 285 1104 284 
10 2 4212 4487 734 
10 2 1751 1752 1357 
10 2 2973 4794 2989 
10 2 1032 1033 1030 
10 2 2419 4826 1945 
10 2 288 616 287 
10 2 262 2558 261 
10 2 587 4468 345 
10 2 890 4398 893 
10 2 2076 4627 1603 
10 2 2246 4445 1896 
10 2 2924 2925 2400 
10 2 3712 3843 3710 
10 2 2340 2341 2299 
10 2 2488 3111 3109 
10 2 4429 4592 4087 
10 2 333 1509 332 
10 2 969 970 968 
10 2 1115 1116 1106 
10 2 4252 4483 3048 
10 2 283 2557 282 
10 2 899 4505 896 
10 2 2328 2701 1879 
10 2 3883 4295 2913 
10 2 4496 4515 2957 
10 2 96 4165 95 
10 2 1313 4608 2005 
10 2 1938 2122 1645 
10 2 2428 4643 1814 
10 2 2290 4025 1901 
10 2 3079 4888 2764 
10 2 893 3931 894 
10 2 2236 2237 2027 
10 2 2044 4676 2301 
10 2 2895 3935 3808 
10 2 1149 1151 1150 
10 2 1882 2059 1722 
10 2 1900 4427 1902 
10 2 2595 4478 4162 
10 2 738 4269 740 
10 2 1311 4608 1313 
10 2 2410 3869 1491 
10 2 2361 4709 1687 
10 2 1922 2418 2343 
10 2 2149 2150 2147 
10 2 3882 3912 2358 
10 2 3511 3512 3509 
10 2 2281 2542 2196 
10 2 2361 4440 4439 
10 2 4233 4481 742 
10 2 1025 1026 1024 
10 2 2691 4620 1405 
10 2 4442 4726 1948 
10 2 2513 2514 2512 
10 2 1902 2042 2041 
10 2 4752 4773 2455 
10 2 2523 3229 3228 
10 2 2607 4528 4233 
10 2 2775 3198 2774 
10 2 3267 3269 2788 
10 2 2880 3534 2881 
10 2 3941 3943 3156 
10 2 3445 3447 3446 
10 2 889 4398 890 
10 2 1135 1136 1133 
10 2 2602 4619 1555 
10 2 2271 2776 2521 
10 2 2547 3267 2788 
10 2 3902 4535 3903 
10 2 2686 4098 771 
10 2 2041 4611 2675 
10 2 2320 4820 4699 
10 2 3065 4552 2500 
10 2 2748 3056 3004 
10 2 2629 4527 707 
10 2 1162 1973 1972 
10 2 2421 2443 1955 
10 2 1878 2578 1166 
10 2 1986 4125 1987 
10 2 2176 2570 2177 
10 2 2680 4782 2975 
10 2 2690 4504 2930 
10 2 753 4400 750 
10 2 752 755 754 
10 2 1055 1056 1054 
10 2 1087 1088 1086 
10 2 1202 2900 1204 
10 2 1730 2274 1828 
10 2 2149 3759 2151 
10 2 4021 4606 4020 
10 2 1714 1715 1116 
10 2 1276 4508 1268 
10 2 4039 4560 754 
10 2 755 757 756 
10 2 4020 4557 755 
10 2 1008 3754 1011 
10 2 1049 1130 1129 
10 2 1328 1329 1327 
10 2 1555 4619 1557 
10 2 2363 4518 1889 
10 2 1999 4430 2401 
10 2 4131 4231 2116 
10 2 2116 4518 4131 
10 2 2246 4569 4445 
10 2 2745 2846 2845 
10 2 4674 4675 2985 
10 2 4195 4539 761 
10 2 764 767 766 
10 2 1618 4603 1622 
10 2 1853 4671 1784 
10 2 1982 4480 1983 
10 2 2625 4066 3986 
10 2 2669 4281 4149 
10 2 4093 4663 2937 
10 2 2969 4550 4544 
10 2 2271 2777 2776 
10 2 633 3829 493 
10 2 679 4624 681 
10 2 777 4376 774 
10 2 775 4251 776 
10 2 1380 1933 777 
10 2 1079 1080 1078 
10 2 1477 1478 1476 
10 2 2120 3980 1481 
10 2 1578 4282 1574 
10 2 1576 1815 1577 
10 2 1613 1614 1612 
10 2 1615 1616 1614 
10 2 1617 1619 1616 
10 2 2499 3419 1863 
10 2 1890 2346 2345 
10 2 2029 4675 2979 
10 2 2963 4238 2118 
10 2 2120 4515 4496 
10 2 2298 4252 3048 
10 2 4488 4536 2403 
10 2 2536 4533 3275 
10 2 2640 4506 3037 
10 2 4470 4602 2687 
10 2 2689 4512 4496 
10 2 2699 4629 4035 
10 2 2749 2775 2774 
10 2 4152 4393 2941 
10 2 2979 4674 4598 
10 2 3072 3132 3131 
10 2 3275 4631 3284 
10 2 3982 4200 4199 
10 2 4215 4464 3982 
10 2 4035 4559 4470 
10 2 4638 4639 4283 
10 2 761 4539 1534 
10 2 879 4443 880 
10 2 996 997 995 
10 2 1110 1119 1118 
10 2 1822 4437 1578 
10 2 2275 4497 2865 
10 2 2412 4674 2985 
10 2 2585 3594 3593 
10 2 4276 4461 4369 
10 2 2422 4645 3751 
10 2 3280 4667 2542 
10 2 3771 4822 2711 
10 2 290 1284 289 
10 2 875 4408 872 
10 2 1191 1193 1192 
10 2 1382 1383 1381 
10 2 1389 4450 1395 
10 2 1710 1860 1711 
10 2 1818 4540 1993 
10 2 4401 4522 1829 
10 2 1854 4329 4179 
10 2 1861 4484 4441 
10 2 1915 4324 4323 
10 2 2058 4411 4138 
10 2 4265 4542 2058 
10 2 4243 4339 2377 
10 2 2381 4371 4370 
10 2 4041 4158 2383 
10 2 4218 4253 2396 
10 2 2396 4328 4218 
10 2 2491 4474 3892 
10 2 2672 2813 2627 
10 2 2671 4551 4499 
10 2 4444 4471 2685 
10 2 2865 4537 2867 
10 2 4549 4599 2963 
10 2 2963 4634 4549 
10 2 3168 4588 3169 
10 2 3948 4584 3949 
10 2 4253 4351 4075 
10 2 4191 4438 4188 
10 2 4491 4499 4335 
10 2 4359 4592 4429 
10 2 3379 3380 3163 
10 2 639 4567 49 
10 2 303 1508 302 
10 2 308 1228 307 
10 2 313 1320 312 
10 2 318 1229 317 
10 2 353 1321 352 
10 2 358 1322 357 
10 2 1128 1748 1747 
10 2 2496 3115 3001 
10 2 2712 4969 4600 
10 2 745 4270 1324 
10 2 2430 4923 1587 
10 2 3749 4590 2703 
10 2 1392 4538 1723 
10 2 3796 4652 2059 
10 2 4801 4889 3720 
10 2 1269 4637 1275 
10 2 2657 4599 4549 
10 2 4050 4098 2686 
10 2 2688 4604 4449 
10 2 3179 3920 2553 
10 2 2637 4461 4433 
10 2 3381 3382 3380 
10 2 912 4685 911 
10 2 1604 4147 1772 
10 2 1902 4427 2042 
10 2 4019 4028 4027 
10 2 714 4543 2683 
10 2 1534 4539 4510 
10 2 2188 2189 2187 
10 2 4142 4551 2671 
10 2 4424 4624 2968 
10 2 3034 3134 3033 
10 2 1243 4657 1737 
10 2 1987 4125 2062 
10 2 889 4535 4398 
10 2 1637 1639 1638 
10 2 2979 4598 4378 
10 2 3132 4483 4183 
10 2 3480 3481 3479 
10 2 3812 4652 3796 
10 2 507 4768 3714 
10 2 1405 4620 1407 
10 2 2700 4507 4451 
10 2 2050 2051 1727 
10 2 3912 4184 2358 
10 2 3605 4948 2485 
10 2 2689 4496 2957 
10 2 712 4521 715 
10 2 1983 4480 1986 
10 2 4538 4588 3168 
10 2 95 4165 623 
10 2 1091 1095 1092 
10 2 1292 1294 1293 
10 2 2155 2157 2156 
10 2 3062 3368 3108 
10 2 1435 4498 1439 
10 2 1645 4583 1642 
10 2 2090 4526 2326 
10 2 293 3842 292 
10 2 2347 4392 2348 
10 2 2675 4611 4431 
10 2 1596 4665 701 
10 2 1044 1045 1042 
10 2 2417 4744 2981 
10 2 879 4444 4443 
10 2 2712 4562 959 
10 2 4642 4666 1605 
10 2 2032 4572 2520 
10 2 3793 4510 2626 
10 2 3951 4226 2639 
10 2 1439 4498 1978 
10 2 1070 3586 1164 
10 2 1305 4459 452 
10 2 721 3962 1659 
10 2 1653 4582 1730 
10 2 2410 4712 4388 
10 2 4609 4847 2417 
10 2 4392 4724 2631 
10 2 4378 4604 2957 
10 2 2162 2163 2161 
10 2 1602 4646 2347 
10 2 2221 2224 2223 
10 2 4445 4569 2633 
10 2 1703 4635 1279 
10 2 1975 2024 1973 
10 2 2679 2735 2713 
10 2 4063 4605 2951 
10 2 1043 1044 1042 
10 2 2850 3189 3188 
10 2 3739 4910 2898 
10 2 349 4208 1445 
10 2 1858 1859 1800 
10 2 3615 3708 3616 
10 2 658 4846 1094 
10 2 1030 4708 1029 
10 2 2078 2252 2251 
10 2 2200 2201 2199 
10 2 2445 2763 2446 
10 2 2966 4844 4734 
10 2 694 4641 696 
10 2 3792 4841 2995 
10 2 3058 3114 3057 
10 2 3059 3106 3060 
10 2 1629 1631 1630 
10 2 3027 4820 2320 
10 2 680 3878 678 
10 2 2342 4821 1937 
10 2 741 4481 1430 
10 2 1085 2096 1668 
10 2 898 4617 901 
10 2 1943 4684 4166 
10 2 2613 4519 1891 
10 2 2842 3126 2839 
10 2 2981 4744 4714 
10 2 2845 4723 2744 
10 2 3873 4845 3874 
10 2 1684 2983 2435 
10 2 1725 4784 4247 
10 2 2303 3692 2178 
10 2 2335 4756 1631 
10 2 1768 2458 2083 
10 2 1947 4941 1946 
10 2 1601 4627 3770 
10 2 1607 4642 1605 
10 2 2098 4651 2586 
10 2 2516 2517 2514 
10 2 201 4108 545 
10 2 1768 2083 1767 
10 2 1955 4660 1956 
10 2 2545 3881 2786 
10 2 750 4400 749 
10 2 1608 4808 1792 
10 2 1955 1956 1679 
10 2 710 4220 709 
10 2 2973 2989 2616 
10 2 4706 4794 2973 
10 2 4586 4587 3133 
10 2 1744 4709 4650 
10 2 2887 3567 2888 
10 2 3224 4692 4580 
10 2 4117 4602 4559 
10 2 4729 4938 4914 
10 2 1848 4516 2098 
10 2 2413 4598 2411 
10 2 3874 4746 2414 
10 2 2993 4825 2419 
10 2 3173 3174 2483 
10 2 3938 4748 3939 
10 2 743 4270 745 
10 2 2148 2149 2147 
10 2 4204 4207 4206 
10 2 1246 3801 2022 
10 2 2411 4674 2412 
10 2 3745 4703 3744 
10 2 4770 4860 1769 
10 2 2249 2796 2795 
10 2 3716 4804 3257 
10 2 697 4665 2982 
10 2 4559 4629 2405 
10 2 4139 4754 2912 
10 2 2302 4657 3066 
10 2 3696 3715 653 
10 2 1002 4710 1005 
10 2 2985 4698 3144 
10 2 966 4454 1637 
10 2 2850 3188 3187 
10 2 2140 2498 2257 
10 2 1240 4703 2359 
10 2 3879 4646 1597 
10 2 3069 4730 3043 
10 2 2495 4675 2029 
10 2 2286 2330 2066 
10 2 355 4209 354 
10 2 940 4814 943 
10 2 1061 1877 1166 
10 2 1970 4720 4618 
10 2 3701 3704 3703 
10 2 2097 4851 958 
10 2 4848 5026 2226 
10 2 3635 3636 2479 
10 2 4568 4901 2434 
10 2 3777 4882 2705 
10 2 1268 4508 1266 
10 2 2012 4473 2011 
10 2 2585 4735 3594 
10 2 2776 4525 3122 
10 2 2994 4884 4706 
10 2 3179 3921 3920 
10 2 3419 4686 1863 
10 2 60 4672 59 
10 2 4559 4602 4470 
10 2 1651 4904 1649 
10 2 3046 3073 2493 
10 2 4533 4631 3275 
10 2 2779 4460 2272 
10 2 2633 4569 2635 
10 2 1737 4657 2302 
10 2 3741 4731 2726 
10 2 4541 4586 3133 
10 2 2726 4651 2707 
10 2 1882 4738 2087 
10 2 2027 4896 2026 
10 2 1868 4394 4102 
10 2 2065 2286 2066 
10 2 4598 4674 2411 
10 2 2549 4581 2260 
10 2 2522 4935 4920 
10 2 2228 2229 2227 
10 2 2229 2230 2227 
10 2 3793 4560 4039 
10 2 1142 1741 1143 
10 2 1756 3743 1142 
10 2 2700 4634 4507 
10 2 1294 1296 1295 
10 2 1313 1806 1314 
10 2 261 4036 260 
10 2 1798 4850 4572 
10 2 3405 3406 2567 
10 2 3673 4887 3505 
10 2 4035 4629 4559 
10 2 59 4672 3693 
10 2 1132 1134 1133 
10 2 1315 4608 1311 
10 2 2565 2566 1755 
10 2 2180 2303 2178 
10 2 2520 3068 2306 
10 2 3863 4822 2603 
10 2 4064 4519 2613 
10 2 1933 4376 777 
10 2 1560 4394 1558 
10 2 3367 4596 1742 
10 2 1211 1758 1757 
10 2 1310 4453 1316 
10 2 2564 2565 1755 
10 2 2427 2428 1814 
10 2 1881 4738 1882 
10 2 1966 3018 3017 
10 2 2088 4526 2090 
10 2 2364 4147 3841 
10 2 4675 4698 2985 
10 2 3966 3968 3967 
10 2 2376 4593 1667 
10 2 4211 4805 3863 
10 2 1171 4554 1174 
10 2 1174 2331 1178 
10 2 1942 4714 2987 
10 2 1947 4946 4941 
10 2 2002 2454 2452 
10 2 2237 4896 2027 
10 2 2848 2850 2849 
10 2 41 4416 647 
10 2 1590 4695 1588 
10 2 359 4210 3916 
10 2 1132 1133 1131 
10 2 1803 2013 2012 
10 2 2015 4473 2012 
10 2 2321 2874 2450 
10 2 4437 4638 4283 
10 2 1279 4635 2339 
10 2 1557 4619 1561 
10 2 2407 4761 1807 
10 2 2958 4379 2107 
10 2 2574 4738 3499 
10 2 4690 4835 3007 
10 2 4072 4775 4593 
10 2 340 3924 339 
10 2 1131 3768 2577 
10 2 1770 2002 1960 
10 2 2540 2541 2245 
10 2 3812 4653 2540 
10 2 2593 4877 4855 
10 2 3252 4719 3787 
10 2 1354 4607 1356 
10 2 1596 4666 4665 
10 2 2042 4611 2041 
10 2 2520 4572 3096 
10 2 2951 4605 2952 
10 2 3507 3515 3504 
10 2 356 3985 589 
10 2 1306 1307 1289 
10 2 1555 1556 1554 
10 2 1751 2032 1752 
10 2 1855 4690 2440 
10 2 2754 4556 1950 
10 2 1974 1975 1973 
10 2 2009 2269 2010 
10 2 2229 2233 2231 
10 2 4619 4767 3856 
10 2 1181 4732 1177 
10 2 1306 3800 2588 
10 2 1308 4453 1310 
10 2 4729 4914 1928 
10 2 4591 4718 2703 
10 2 2981 4745 4570 
10 2 3021 5020 3016 
10 2 3594 4871 3596 
10 2 1357 4558 2111 
10 2 1554 4790 4782 
10 2 2124 4970 4068 
10 2 2609 2717 1001 
10 2 1413 4620 2354 
10 2 1589 1590 1588 
10 2 1928 1929 1634 
10 2 1929 2661 2660 
10 2 2165 2166 2163 
10 2 2735 4889 2713 
10 2 1208 1212 1207 
10 2 1752 4558 1357 
10 2 1887 1888 1368 
10 2 2541 2727 2245 
10 2 969 4718 970 
10 2 981 1588 982 
10 2 993 1289 994 
10 2 1144 2039 1140 
10 2 3787 4719 3178 
10 2 2267 4919 2268 
10 2 3676 3677 2484 
10 2 977 4595 978 
10 2 1723 4538 4537 
10 2 2891 4524 2257 
10 2 2735 4796 4795 
10 2 3608 4934 2983 
10 2 925 4609 2417 
10 2 955 957 956 
10 2 987 989 988 
10 2 1162 1974 1973 
10 2 2093 4735 2585 
10 2 2600 3832 3831 
10 2 3458 3459 3457 
10 2 3855 4767 4766 
10 2 921 4609 922 
10 2 3914 4571 939 
10 2 946 4530 948 
10 2 999 1001 1000 
10 2 1354 1356 1355 
10 2 2523 2773 2337 
10 2 952 955 954 
10 2 984 987 986 
10 2 3674 3675 3154 
10 2 948 951 950 
10 2 996 999 998 
10 2 742 4481 741 
10 2 2807 3035 2318 
10 2 2336 4683 4682 
10 2 691 3746 3664 
10 2 959 4562 956 
10 2 979 4664 976 
10 2 2544 3161 3159 
10 2 914 4221 916 
10 2 947 4155 944 
10 2 1003 4614 1000 
10 2 3252 3787 3253 
10 2 3654 4713 1188 
10 2 3037 4730 3176 
10 2 905 4778 906 
10 2 953 4409 950 
10 2 1033 4708 1030 
10 2 1053 2741 1051 
10 2 3073 3365 2493 
10 2 4747 4763 2991 
10 2 3391 3394 3393 
10 2 1198 4907 1812 
10 2 1455 4082 4081 
10 2 1840 4771 4506 
10 2 251 3888 555 
10 2 4561 4685 915 
10 2 4074 4823 937 
10 2 1187 1188 985 
10 2 1290 1291 1009 
10 2 2603 4822 3850 
10 2 3494 4068 4067 
10 2 755 4557 757 
10 2 4617 4764 901 
10 2 2731 4878 4743 
10 2 1195 4852 1193 
10 2 4529 4902 2729 
10 2 2980 4749 4074 
10 2 1125 1126 1124 
10 2 1294 4879 1297 
10 2 1649 4904 2965 
10 2 2460 2868 2315 
10 2 3703 4921 3702 
10 2 2164 2165 2163 
10 2 4184 4687 2638 
10 2 2399 4908 2923 
10 2 3214 5075 3213 
10 2 3382 3383 3380 
10 2 1259 4083 1740 
10 2 2333 4469 3705 
10 2 4584 4585 3949 
10 2 1271 4637 1269 
10 2 1650 1651 1649 
10 2 3501 3736 3591 
10 2 3681 3683 3682 
10 2 4291 4293 4292 
10 2 1667 4593 1662 
10 2 3640 4867 1789 
10 2 2727 4732 2245 
10 2 1296 4511 1295 
10 2 4811 4844 2706 
10 2 2966 4748 3938 
10 2 1851 5004 3567 
10 2 1938 4632 2122 
10 2 2260 4581 2529 
10 2 2692 4716 4563 
10 2 757 4557 1849 
10 2 1192 1198 1197 
10 2 1625 4715 3946 
10 2 3786 4972 2437 
10 2 2706 4869 4811 
10 2 2913 4722 3935 
10 2 4843 4925 2986 
10 2 3019 5089 3411 
10 2 3900 4640 3631 
10 2 2122 4583 1645 
10 2 2299 4676 2044 
10 2 4632 4925 2919 
10 2 1029 4708 1648 
10 2 2277 2505 2504 
10 2 3391 3396 3394 
10 2 4180 4603 1618 
10 2 3000 5009 2758 
10 2 2486 2488 2487 
10 2 4511 4547 1299 
10 2 2272 4460 1834 
10 2 2958 4847 4379 
10 2 3641 4455 3640 
10 2 690 4442 1948 
10 2 2725 4705 2125 
10 2 2340 2886 2884 
10 2 2356 5001 3490 
10 2 3191 3192 3064 
10 2 1455 4081 70 
10 2 2588 4453 1308 
10 2 3105 4615 2467 
10 2 2715 4774 4601 
10 2 3912 4687 4184 
10 2 1095 1101 1100 
10 2 2691 4621 4620 
10 2 4204 4205 4203 
10 2 1168 4718 969 
10 2 1805 4645 2422 
10 2 2516 2518 2517 
10 2 2707 4651 4516 
10 2 2930 4787 3984 
10 2 2995 2996 1113 
10 2 1101 1110 1109 
10 2 1976 4502 4116 
10 2 3102 4892 4494 
10 2 3523 3528 3526 
10 2 1260 1804 1261 
10 2 1629 2335 1631 
10 2 1740 4083 2329 
10 2 1784 4671 1890 
10 2 1804 2020 1805 
10 2 2402 4597 2690 
10 2 2912 4754 3971 
10 2 3160 4896 2537 
10 2 2031 4922 4426 
10 2 2885 4578 2341 
10 2 667 4673 669 
10 2 1687 4709 1744 
10 2 1744 4650 3790 
10 2 2262 4638 4437 
10 2 2405 4629 4574 
10 2 2548 4671 3184 
10 2 2957 4604 2688 
10 2 3037 4771 4730 
10 2 3548 3549 3547 
10 2 2495 4698 4675 
10 2 666 4214 1262 
10 2 5042 5059 1145 
10 2 2245 4732 1181 
10 2 1656 4610 2433 
10 2 2152 2547 2285 
10 2 2759 2770 2334 
10 2 2764 4888 2446 
10 2 3550 3552 3549 
10 2 3015 3021 3016 
10 2 2796 3378 3163 
10 2 2037 2332 2038 
10 2 2988 4863 4781 
10 2 49 4567 48 
10 2 1409 4711 1406 
10 2 3404 3405 2567 
10 2 1128 1747 1127 
10 2 1772 4147 2364 
10 2 2232 2470 2261 
10 2 2910 4663 2363 
10 2 2208 4992 2209 
10 2 1559 4790 1556 
10 2 2794 3759 2288 
10 2 3378 3379 3163 
10 2 2582 4479 3051 
10 2 2754 4623 4556 
10 2 997 3974 1893 
10 2 3456 3458 3457 
10 2 2974 4708 1033 
10 2 1209 1211 1210 
10 2 2577 4694 3672 
10 2 2586 4731 3670 
10 2 2511 2512 2510 
10 2 4577 4688 2884 
10 2 1552 4221 914 
10 2 3209 3210 2869 
10 2 3439 3440 3437 
10 2 3757 4448 675 
10 2 3076 4698 2495 
10 2 3432 3435 3433 
10 2 960 4851 963 
10 2 1017 2573 2572 
10 2 4705 4721 2125 
10 2 2981 4570 2416 
10 2 3634 3635 2479 
10 2 3508 3509 3505 
10 2 4684 4845 4166 
10 2 2404 4716 4700 
10 2 1016 4575 1015 
10 2 2020 4645 1805 
10 2 589 4209 355 
10 2 902 4763 905 
10 2 2398 4796 1580 
10 2 2430 4788 4783 
10 2 456 4381 4380 
10 2 1410 4576 1726 
10 2 72 4130 71 
10 2 2690 4597 4504 
10 2 3062 3107 3061 
10 2 3389 3390 3388 
10 2 1952 4953 1609 
10 2 4516 4651 2098 
10 2 2898 4809 2429 
10 2 4521 4633 715 
10 2 1701 3966 188 
10 2 2150 4853 2147 
10 2 905 4763 4747 
10 2 2854 3220 2853 
10 2 4763 4764 2991 
10 2 588 4208 350 
10 2 1126 1874 1124 
10 2 3483 3484 3482 
10 2 1684 3008 2983 
10 2 1977 4699 2733 
10 2 1024 4613 1022 
10 2 4521 4845 3873 
10 2 3474 3476 3475 
10 2 611 4130 72 
10 2 2731 4743 1063 
10 2 3082 4786 3030 
10 2 937 4823 3817 
10 2 2425 4880 2958 
10 2 2711 4641 1230 
10 2 4572 4850 3096 
10 2 1239 4037 1235 
10 2 3704 4817 3703 
10 2 299 3752 1286 
10 2 906 4778 909 
10 2 551 3908 3907 
10 2 2279 3421 3420 
10 2 2683 4775 4072 
10 2 678 3878 1215 
10 2 1958 2897 2456 
10 2 5016 5023 3013 
10 2 1581 3888 252 
10 2 4721 4908 2721 
10 2 3152 3154 3153 
10 2 1556 4790 1554 
10 2 1562 4394 1868 
10 2 1890 4671 2548 
10 2 3066 4860 3084 
10 2 4812 4813 1074 
10 2 2996 4949 1113 
10 2 4782 4790 2975 
10 2 2001 4815 2128 
10 2 2216 2217 2215 
10 2 3152 3153 3151 
10 2 2363 4663 4093 
10 2 3440 3443 3442 
10 2 3939 4685 4561 
10 2 911 4748 4734 
10 2 37 4414 36 
10 2 4635 4668 2339 
10 2 685 3805 3804 
10 2 933 4648 1349 
10 2 699 4805 4211 
10 2 1314 4761 2378 
10 2 2889 4601 1668 
10 2 2255 4808 2811 
10 2 3715 4929 4921 
10 2 2174 4594 2171 
10 2 2721 4649 2722 
10 2 4454 4630 1637 
10 2 4854 5064 4678 
10 2 649 4798 3707 
10 2 1812 3641 3640 
10 2 3656 4679 3657 
10 2 1245 4833 2007 
10 2 3667 4851 2097 
10 2 2868 2869 2315 
10 2 4029 4595 2902 
10 2 2901 3729 1994 
10 2 2734 4897 3010 
10 2 4824 4825 2993 
10 2 3746 3747 3745 
10 2 2987 4690 1719 
10 2 2406 4925 4843 
10 2 4423 4687 3912 
10 2 2288 3759 2149 
10 2 3028 4676 2299 
10 2 2547 4942 3268 
10 2 3424 3692 2303 
10 2 2629 4724 3879 
10 2 3304 3496 2812 
10 2 3751 4785 2984 
10 2 3022 5038 3021 
10 2 3506 3507 3504 
10 2 954 4562 1610 
10 2 2176 2571 2570 
10 2 3503 4053 3510 
10 2 3745 4849 4703 
10 2 4068 4069 4067 
10 2 2569 3708 1203 
10 2 2117 4568 2434 
10 2 3709 4832 3711 
10 2 3850 4822 3771 
10 2 1230 4641 694 
10 2 2863 4957 4893 
10 2 2982 4858 2730 
10 2 3642 4907 4852 
10 2 717 4633 1265 
10 2 2733 4820 3259 
10 2 1769 4860 4657 
10 2 4452 4796 2679 
10 2 2730 4726 4442 
10 2 2130 4475 3701 
10 2 2232 2471 2470 
10 2 3432 5071 3438 
10 2 1406 4711 1404 
10 2 2735 4795 4568 
10 2 590 4210 360 
10 2 455 4380 559 
10 2 3971 4754 4046 
10 2 1188 4713 985 
10 2 190 3944 189 
10 2 1367 4155 947 
10 2 2792 2859 2768 
10 2 948 4530 951 
10 2 4684 4788 3874 
10 2 4166 4845 711 
10 2 1580 4796 4452 
10 2 2991 4764 2725 
10 2 2274 2863 2862 
10 2 2967 4590 4589 
10 2 4485 4788 4684 
10 2 4795 4796 2398 
10 2 3009 3011 2448 
10 2 3445 3448 3447 
10 2 2074 4693 1657 
10 2 4547 4548 2704 
10 2 3061 3063 2310 
10 2 3735 4673 667 
10 2 2359 4656 4477 
10 2 2722 4649 2743 
10 2 2062 4697 1989 
10 2 2054 4819 2052 
10 2 2783 4643 2428 
10 2 2609 4727 2717 
10 2 3724 3725 2755 
10 2 1935 4875 2424 
10 2 4699 4820 2733 
10 2 668 4214 666 
10 2 4835 4880 2425 
10 2 715 4633 717 
10 2 2796 3162 2795 
10 2 4744 4880 4714 
10 2 2357 4772 4427 
10 2 1937 4821 4785 
10 2 3856 4767 3854 
10 2 629 4798 649 
10 2 3962 4801 1659 
10 2 4427 4787 2042 
10 2 2602 4767 4619 
10 2 2762 3000 2758 
10 2 2984 4869 2423 
10 2 2662 3910 2660 
10 2 2927 4485 4170 
10 2 1204 4762 1206 
10 2 2703 4718 1168 
10 2 4304 4771 1840 
10 2 1732 4843 2061 
10 2 4716 4749 2980 
10 2 659 3820 661 
10 2 1994 3729 2473 
10 2 4725 4960 2099 
10 2 3015 3022 3021 
10 2 5055 5067 3032 
10 2 1142 3743 1741 
10 2 1236 4037 1769 
10 2 2378 4728 4727 
10 2 4113 4591 2382 
10 2 4113 4718 4591 
10 2 3509 3673 3505 
10 2 4205 4924 4203 
10 2 55 4725 613 
10 2 3926 4681 2583 
10 2 3221 3298 3220 
10 2 2992 4747 2991 
10 2 3855 4778 4747 
10 2 1738 4808 1608 
10 2 3519 5030 4762 
10 2 1284 3896 289 
10 2 1873 4717 1120 
10 2 492 3829 1280 
10 2 2335 4954 3609 
10 2 1719 4690 1855 
10 2 2038 2078 2077 
10 2 2692 4749 4716 
10 2 4706 4884 2432 
10 2 2711 4805 4641 
10 2 4573 4868 1764 
10 2 2414 4746 1272 
10 2 4502 4576 4116 
10 2 1224 4669 1226 
10 2 4506 4771 3037 
10 2 1295 4511 1299 
10 2 1219 4807 1224 
10 2 4623 4795 2398 
10 2 2697 4745 4532 
10 2 4617 4806 4764 
10 2 2359 4849 4656 
10 2 3642 4978 3643 
10 2 2241 4934 3608 
10 2 2631 4724 2629 
10 2 3725 5035 4997 
10 2 4944 4952 2753 
10 2 3257 4804 4092 
10 2 2122 4733 4583 
10 2 3006 5010 3005 
10 2 56 4725 55 
10 2 551 3907 3905 
10 2 908 4734 907 
10 2 1751 4572 2032 
10 2 3249 4833 2528 
10 2 3008 5051 3608 
10 2 3265 4760 3584 
10 2 3758 4861 4372 
10 2 4761 4938 4728 
10 2 4734 4748 2966 
10 2 2183 4963 2181 
10 2 2989 4794 3801 
10 2 4463 4692 3262 
10 2 4747 4778 905 
10 2 2259 2482 2234 
10 2 456 4380 455 
10 2 1835 4871 3860 
10 2 2000 4815 2001 
10 2 2616 4656 2709 
10 2 1005 4710 1928 
10 2 1099 4874 3696 
10 2 956 4562 954 
10 2 1272 4746 1274 
10 2 1214 4414 37 
10 2 292 3842 610 
10 2 4478 4792 2100 
10 2 235 4917 234 
10 2 1648 4793 1650 
10 2 2498 3206 3205 
10 2 3212 3213 3210 
10 2 3451 3452 3449 
10 2 2593 4855 4526 
10 2 3763 4478 2595 
10 2 3690 4811 2976 
10 2 2777 4525 2776 
10 2 2277 2504 2503 
10 2 4030 4682 4636 
10 2 3513 3514 3512 
10 2 53 4531 656 
10 2 1492 4720 1490 
10 2 2145 4853 3520 
10 2 2172 4956 2173 
10 2 3088 3089 2872 
10 2 4455 4867 3640 
10 2 2537 4896 2237 
10 2 1833 4735 2093 
10 2 4570 4745 2697 
10 2 3049 4707 4605 
10 2 4048 4766 2602 
10 2 3597 4960 4725 
10 2 2532 4760 3265 
10 2 12 4758 11 
10 2 239 4112 1713 
10 2 1745 4863 1594 
10 2 2005 4719 4383 
10 2 3440 3444 3443 
10 2 4959 4999 3743 
10 2 2976 4821 2342 
10 2 4972 4984 3606 
10 2 2972 4740 3633 
10 2 2478 4815 2000 
10 2 4410 4850 1798 
10 2 4526 4855 2326 
10 2 4783 4923 2430 
10 2 3530 4945 4237 
10 2 2838 3125 2840 
10 2 4885 4918 2436 
10 2 4532 4745 1942 
10 2 2378 4761 4728 
10 2 2958 4880 4744 
10 2 1301 4658 1777 
10 2 2684 4501 4220 
10 2 4744 4847 2958 
10 2 3666 4545 3667 
10 2 4727 4728 2717 
10 2 2719 4914 4800 
10 2 4728 4938 4729 
10 2 1782 4802 1160 
10 2 2713 4801 3962 
10 2 3625 3628 3627 
10 2 1274 4746 2430 
10 2 2410 4388 3869 
10 2 3627 4837 1047 
10 2 3055 4898 2501 
10 2 2998 4930 4781 
10 2 3487 3516 3485 
10 2 3861 4648 931 
10 2 4781 4863 2998 
10 2 958 4851 960 
10 2 982 4702 984 
10 2 939 4814 940 
10 2 1128 1958 1748 
10 2 3855 4747 2992 
10 2 4708 4793 1648 
10 2 2018 4721 2721 
10 2 294 3877 1285 
10 2 985 4713 983 
10 2 1000 4614 998 
10 2 1009 3886 1007 
10 2 1883 3974 997 
10 2 1108 4831 1485 
10 2 1290 3724 2755 
10 2 2709 4849 3747 
10 2 998 4614 1883 
10 2 1174 4554 2331 
10 2 4810 4832 2061 
10 2 2741 5019 4797 
10 2 3869 4388 2673 
10 2 2974 4793 4708 
10 2 4792 4876 3737 
10 2 3765 4478 3763 
10 2 300 3752 299 
10 2 2904 4995 3494 
10 2 4988 5004 4838 
10 2 1404 4711 3897 
10 2 4700 4716 2980 
10 2 3846 4806 4617 
10 2 1655 4693 4582 
10 2 2710 4749 2692 
10 2 4620 4621 2354 
10 2 4610 4902 2433 
10 2 2701 4668 4635 
10 2 1886 4818 2356 
10 2 3497 4877 2593 
10 2 42 4416 41 
10 2 2431 4858 4642 
10 2 2760 4857 1201 
10 2 1654 4610 1656 
10 2 1989 4697 2399 
10 2 5003 5015 3017 
10 2 2749 4944 2775 
10 2 1083 4774 1080 
10 2 2743 4927 3102 
10 2 1812 4907 3642 
10 2 3017 4979 1957 
10 2 4704 4715 1633 
10 2 2531 5048 3364 
10 2 1657 4693 1655 
10 2 1821 4696 2736 
10 2 1956 4660 2442 
10 2 3164 3165 2840 
10 2 4116 4576 1410 
10 2 1485 4831 1835 
10 2 1097 3555 3554 
10 2 1835 4872 4871 
10 2 2458 5040 3603 
10 2 2815 4994 2509 
10 2 2049 4622 2050 
10 2 2074 4893 4693 
10 2 3809 3810 2746 
10 2 2802 4873 2486 
10 2 2926 4783 2927 
10 2 260 4036 1227 
10 2 2841 2842 2839 
10 2 4892 4927 2062 
10 2 3432 3438 3435 
10 2 189 3944 1701 
10 2 4465 4777 2030 
10 2 2055 4962 4935 
10 2 1856 4852 1195 
10 2 4764 4806 2725 
10 2 3070 3300 3233 
10 2 4636 4682 2901 
10 2 4916 4923 2926 
10 2 2181 4963 2279 
10 2 3758 4448 3757 
10 2 3568 4668 2701 
10 2 283 4347 2557 
10 2 3041 4815 2478 
10 2 3229 4670 3230 
10 2 47 4691 1551 
10 2 2982 4666 4642 
10 2 4642 4858 2982 
10 2 2821 4531 54 
10 2 4568 4889 2735 
10 2 1971 4413 1155 
10 2 2354 4621 2698 
10 2 4802 4945 2284 
10 2 4295 4722 2913 
10 2 4772 4787 4427 
10 2 2324 4915 1156 
10 2 2134 4475 2131 
10 2 3664 3746 3745 
10 2 13 3753 1680 
10 2 3747 4472 2709 
10 2 3847 4874 1116 
10 2 2170 5058 2167 
10 2 1932 4624 4424 
10 2 4665 4666 2982 
10 2 1554 4782 1552 
10 2 4583 4733 2644 
10 2 4571 4814 939 
10 2 1242 4477 1246 
10 2 3801 4794 2266 
10 2 1643 4426 1644 
10 2 2432 4884 2436 
10 2 1928 4914 1929 
10 2 2125 4721 2018 
10 2 4841 4846 4417 
10 2 3119 4931 4432 
10 2 583 4203 325 
10 2 4762 5030 1209 
10 2 1066 3789 1065 
10 2 2099 4799 4798 
10 2 3673 4947 4887 
10 2 1060 4743 1058 
10 2 3060 4868 4573 
10 2 1929 4914 2719 
10 2 2706 4844 2966 
10 2 1046 4797 1636 
10 2 2716 4834 4105 
10 2 482 4776 3779 
10 2 552 4917 235 
10 2 3691 5011 2208 
10 2 983 4713 4566 
10 2 3129 5077 4280 
10 2 681 4624 1932 
10 2 3984 4787 4772 
10 2 4127 4892 4125 
10 2 2999 4930 2998 
10 2 5058 5087 3189 
10 2 3832 4814 4571 
10 2 4766 4767 2602 
10 2 3447 4228 3446 
10 2 4974 5009 4976 
10 2 1954 4575 1019 
10 2 4037 4770 1769 
10 2 660 4846 658 
10 2 4220 4501 2631 
10 2 2427 4930 2502 
10 2 3102 4927 4892 
10 2 3927 4931 3119 
10 2 2446 4888 2474 
10 2 2343 4842 1585 
10 2 323 4924 1697 
10 2 3525 4413 1971 
10 2 2061 4832 3709 
10 2 1537 4416 42 
10 2 2779 4618 4460 
10 2 4605 4707 2952 
10 2 2728 4810 2986 
10 2 1593 4636 1595 
10 2 4935 4962 3002 
10 2 2046 4875 1935 
10 2 2486 4873 2488 
10 2 2902 4595 977 
10 2 4785 4821 2984 
10 2 3440 3442 3437 
10 2 202 4108 201 
10 2 2725 4806 4705 
10 2 1235 4037 1236 
10 2 2424 4916 2926 
10 2 653 3715 648 
10 2 4825 4885 4826 
10 2 2775 4944 4867 
10 2 4918 4919 2436 
10 2 3120 3121 2823 
10 2 1682 4904 1651 
10 2 2762 5029 3000 
10 2 3737 4876 3811 
10 2 360 4210 359 
10 2 4125 4892 2062 
10 2 2099 4798 629 
10 2 1160 4802 1770 
10 2 4743 4878 1635 
10 2 3523 4966 3528 
10 2 4661 4662 3580 
10 2 2482 2768 2234 
10 2 578 3877 295 
10 2 3765 4792 4478 
10 2 3556 4933 1624 
10 2 1222 4842 3756 
10 2 1563 4701 1559 
10 2 2749 4952 4944 
10 2 3738 4913 3669 
10 2 931 4648 933 
10 2 2064 4824 1736 
10 2 1292 4879 1294 
10 2 1106 4874 1099 
10 2 2876 4739 2322 
10 2 2417 4847 4744 
10 2 4985 4986 3704 
10 2 3141 4777 2727 
10 2 2752 4885 4825 
10 2 3443 4780 3442 
10 2 943 4859 945 
10 2 4898 4899 2814 
10 2 1007 3886 3699 
10 2 2050 4622 2053 
10 2 4372 4861 2899 
10 2 3401 3546 3545 
10 2 1736 4612 1494 
10 2 4838 5004 1851 
10 2 3020 5022 2761 
10 2 54 4531 53 
10 2 1770 4802 2284 
10 2 3426 5091 3491 
10 2 2131 4475 2130 
10 2 4826 4884 2994 
10 2 1587 4923 2742 
10 2 3360 4800 2407 
10 2 2742 4916 3639 
10 2 4890 4891 2978 
10 2 2484 4840 2287 
10 2 517 4033 1184 
10 2 4887 4947 1138 
10 2 2505 4961 2765 
10 2 2742 4923 4916 
10 2 1192 4907 1198 
10 2 3481 3482 3479 
10 2 4852 4978 3642 
10 2 987 4702 2972 
10 2 2186 4963 2183 
10 2 3487 4839 3516 
10 2 3832 4859 4814 
10 2 2976 4869 4821 
10 2 1077 4903 2718 
10 2 1221 4741 1220 
10 2 2431 4897 4858 
10 2 2513 4906 2767 
10 2 1178 4803 1182 
10 2 2987 4880 4835 
10 2 2987 4835 4690 
10 2 3720 4889 2117 
10 2 4865 4894 1157 
10 2 4800 4938 2407 
10 2 1585 4842 1222 
10 2 553 4112 240 
10 2 4981 5038 1961 
10 2 3392 4939 3389 
10 2 3524 4966 3522 
10 2 3620 3910 2662 
10 2 2730 4858 4726 
10 2 4814 4859 943 
10 2 1156 4915 1162 
10 2 4719 4757 3178 
10 2 2485 4948 3070 
10 2 4928 4952 4660 
10 2 1019 4575 1016 
10 2 1039 4647 1036 
10 2 1063 4743 1060 
10 2 1746 3389 3388 
10 2 2429 4841 4417 
10 2 1022 4613 3618 
10 2 3974 4067 1893 
10 2 2528 4833 2021 
10 2 1196 4970 1791 
10 2 2716 4630 4454 
10 2 3606 4984 1952 
10 2 4905 4975 2351 
10 2 3742 5017 2741 
10 2 3656 4937 4679 
10 2 1191 4836 1194 
10 2 2515 3660 2512 
10 2 2644 4733 3885 
10 2 4974 4976 3011 
10 2 4657 4860 3066 
10 2 3512 4959 3509 
10 2 210 4109 209 
10 2 2322 4739 2464 
10 2 635 4776 483 
10 2 1193 4907 1192 
10 2 2443 4971 4928 
10 2 2715 4903 1077 
10 2 2753 4952 4928 
10 2 4821 4869 2984 
10 2 2488 4873 3111 
10 2 493 3829 492 
10 2 1949 4462 689 
10 2 279 4291 1114 
10 2 4426 4922 3619 
10 2 2863 4893 3092 
10 2 483 4776 482 
10 2 4979 5015 2757 
10 2 4656 4849 2709 
10 2 2359 4477 1242 
10 2 272 4357 612 
10 2 2117 4889 4568 
10 2 3747 4849 3745 
10 2 1307 4626 1289 
10 2 1766 4949 2444 
10 2 4714 4880 2987 
10 2 1056 4990 1059 
10 2 689 4462 686 
10 2 2409 4636 1593 
10 2 240 4112 239 
10 2 1974 4915 2882 
10 2 3213 5057 5046 
10 2 3702 4929 3847 
10 2 2926 4923 4783 
10 2 3696 4929 3715 
10 2 1241 4909 1239 
10 2 3789 3946 2732 
10 2 2021 4833 1245 
10 2 4608 4757 2005 
10 2 1698 4357 273 
10 2 638 4644 523 
10 2 4811 4869 2976 
10 2 518 4033 517 
10 2 2344 4970 1196 
10 2 4612 4712 2410 
10 2 547 4109 210 
10 2 3008 4989 4980 
10 2 4930 4958 2502 
10 2 2511 4906 2513 
10 2 4726 4897 2734 
10 2 3010 4984 3786 
10 2 2212 3474 3472 
10 2 2408 4890 2437 
10 2 2123 4829 4534 
10 2 2055 4935 2522 
10 2 4858 4897 4726 
10 2 288 3896 616 
10 2 4910 4911 2996 
10 2 2437 4962 1729 
10 2 4417 4846 660 
10 2 2721 4908 4649 
10 2 252 3888 251 
10 2 2474 4888 3538 
10 2 2823 4848 2261 
10 2 3555 5079 2770 
10 2 3005 5000 4912 
10 2 1800 4704 1633 
10 2 1036 4647 1034 
10 2 2738 4900 2754 
10 2 1494 4612 2410 
10 2 3406 4993 2567 
10 2 2746 4836 1189 
10 2 2988 4781 2426 
10 2 984 4702 987 
10 2 3013 5045 3576 
10 2 1116 4874 1106 
10 2 2898 4910 4809 
10 2 2334 4961 2254 
10 2 254 4457 253 
10 2 2331 4803 1178 
10 2 2753 4928 2760 
10 2 3608 5045 2241 
10 2 4973 5030 2990 
10 2 2443 4928 4660 
10 2 3447 4996 4228 
10 2 2173 4956 2176 
10 2 3004 4918 2747 
10 2 973 4834 2716 
10 2 1958 4967 2897 
10 2 3612 4742 3613 
10 2 2426 4781 2427 
10 2 2998 4863 1745 
10 2 1493 4720 1970 
10 2 1609 4953 2431 
10 2 4545 4977 3667 
10 2 1629 4933 2335 
10 2 2497 4922 2031 
10 2 4897 4953 3010 
10 2 284 4347 283 
10 2 3563 4966 3524 
10 2 1138 4947 1134 
10 2 1946 4941 2425 
10 2 2498 4926 3206 
10 2 2107 4701 1563 
10 2 2078 4951 2253 
10 2 4732 4777 4465 
10 2 231 4866 551 
10 2 2447 5050 5042 
10 2 1148 4894 4870 
10 2 1213 4854 4678 
10 2 1289 4626 3769 
10 2 1592 4829 2123 
10 2 4695 4740 2972 
10 2 2808 4946 3278 
10 2 3152 3674 3154 
10 2 2425 4941 4835 
10 2 3537 4987 3536 
10 2 1893 5060 4120 
10 2 974 4664 1921 
10 2 1104 4347 284 
10 2 1921 4834 973 
10 2 1594 4829 1592 
10 2 2061 4843 4810 
10 2 2123 4740 4695 
10 2 2917 4904 1682 
10 2 1789 4944 2753 
10 2 1729 4962 2055 
10 2 2062 4927 4697 
10 2 2755 4879 1292 
10 2 1755 4854 1213 
10 2 4751 4753 4752 
10 2 4781 4930 2427 
10 2 2917 4905 4904 
10 2 1091 4753 1095 
10 2 1957 4704 1800 
10 2 2758 4883 2462 
10 2 289 3896 288 
10 2 1162 4915 1974 
10 2 4928 4971 2760 
10 2 2418 4912 4911 
10 2 2279 4963 3422 
10 2 4911 4949 2996 
10 2 3018 5003 3017 
10 2 2139 4964 2138 
10 2 4871 4872 3596 
10 2 1764 4741 1221 
10 2 325 4203 324 
10 2 3732 4958 2999 
10 2 2752 4824 2064 
10 2 2448 4976 4965 
10 2 2794 4791 3759 
10 2 4835 4941 3007 
10 2 4919 4936 2268 
10 2 976 4664 974 
10 2 1080 4774 1078 
10 2 1490 4720 1493 
10 2 2754 4901 4623 
10 2 2919 4925 2406 
10 2 532 4222 2830 
10 2 3001 4935 3002 
10 2 234 4917 3585 
10 2 2510 3660 2519 
10 2 1078 4774 2715 
10 2 1483 4222 533 
10 2 3927 4909 2007 
10 2 536 4250 1098 
10 2 4904 4905 2965 
10 2 1098 4271 535 
10 2 2004 4250 537 
10 2 2522 4920 3098 
10 2 534 4271 1483 
10 2 3609 4903 3559 
10 2 2007 4909 1241 
10 2 614 4457 254 
10 2 2408 4891 4890 
10 2 4906 5089 5081 
10 2 5052 5054 3506 
10 2 2727 4777 4732 
10 2 1065 3789 2732 
10 2 1110 4751 1119 
10 2 1049 4837 1130 
10 2 1179 4827 2043 
10 2 1180 4789 1930 
10 2 3765 4876 4792 
10 2 2407 4938 4761 
10 2 2156 4942 2153 
10 2 2748 4840 3099 
10 2 4809 4910 2996 
10 2 1189 4836 1191 
10 2 3401 3545 3544 
10 2 4921 4929 3702 
10 2 1090 5002 1088 
10 2 4857 4937 3656 
10 2 2744 4856 2189 
10 2 1117 5072 1163 
10 2 2259 5048 2531 
10 2 4810 4843 2986 
10 2 2970 4971 2443 
10 2 4567 4691 48 
10 2 2567 4993 2565 
10 2 5044 5050 2447 
10 2 1635 4878 2449 
10 2 2005 4757 4719 
10 2 2506 4994 2504 
10 2 4765 5067 5055 
10 2 3003 4854 2566 
10 2 4682 4683 2901 
10 2 2434 4901 4900 
10 2 2235 4934 2241 
10 2 3002 4972 3606 
10 2 5027 5052 3506 
10 2 3608 5051 5045 
10 2 2336 4789 1180 
10 2 1055 4990 1056 
10 2 1211 4973 1758 
10 2 2999 4958 4930 
10 2 2138 5057 2135 
10 2 2030 4828 4827 
10 2 965 4689 962 
10 2 1763 4658 1301 
10 2 3009 4982 3011 
10 2 1856 4978 4852 
10 2 3778 5017 2438 
10 2 3411 4906 2511 
10 2 324 4924 323 
10 2 2191 4856 2194 
10 2 962 4689 961 
10 2 1626 4933 1629 
10 2 2442 4952 2749 
10 2 3469 4996 3452 
10 2 3540 4987 3537 
10 2 2566 4854 1755 
10 2 2604 4807 1217 
10 2 295 3877 294 
10 2 1957 4979 4704 
10 2 2770 5079 2334 
10 2 2431 4953 4897 
10 2 4941 4946 3007 
10 2 48 4691 47 
10 2 2752 4825 4824 
10 2 2447 5042 1141 
10 2 2140 4926 2498 
10 2 2208 5011 4992 
10 2 1302 4965 1763 
10 2 4926 5041 3206 
10 2 2176 4956 2571 
10 2 3431 5071 3432 
10 2 1680 4758 12 
10 2 3007 4946 2808 
10 2 3056 4936 3004 
10 2 3617 5047 1146 
10 2 2573 4955 3492 
10 2 1402 3857 242 
10 2 2531 3363 3362 
10 2 3701 4985 3704 
10 2 4826 4885 4884 
10 2 2531 3364 3363 
10 2 3743 4999 2312 
10 2 3490 5001 4696 
10 2 242 3857 241 
10 2 2905 4886 3705 
10 2 2746 5013 4836 
10 2 4660 4952 2442 
10 2 4475 4985 3701 
10 2 2512 3660 2510 
10 2 2504 4994 3054 
10 2 4867 4944 1789 
10 2 2166 5032 4998 
10 2 2287 4840 2748 
10 2 1085 4750 2096 
10 2 2457 5064 5063 
10 2 1101 4751 1110 
10 2 2234 5033 2231 
10 2 4884 4885 2436 
10 2 1217 4807 1219 
10 2 1624 4933 1626 
10 2 4582 4957 1730 
10 2 3622 4943 2554 
10 2 3517 4950 3686 
10 2 3587 4950 2875 
10 2 1140 4887 1138 
10 2 2571 4956 2861 
10 2 2875 5016 3013 
10 2 4237 4779 3527 
10 2 2441 4865 1159 
10 2 4203 4924 324 
10 2 3667 4977 4882 
10 2 3679 4955 2573 
10 2 1062 4816 1064 
10 2 1202 4813 2900 
10 2 2030 4827 1179 
10 2 2757 5015 4878 
10 2 3567 5036 2888 
10 2 280 4291 279 
10 2 1089 4750 1086 
10 2 3643 4978 3646 
10 2 4832 4991 3711 
10 2 2184 4943 2185 
10 2 4940 5037 1137 
10 2 1776 4866 232 
10 2 1047 4837 1049 
10 2 2854 5080 5066 
10 2 1980 5092 5083 
10 2 3022 5059 5042 
10 2 2136 5041 4926 
10 2 1962 4974 2917 
10 2 2554 4943 2184 
10 2 4865 5074 4662 
10 2 2760 4937 4857 
10 2 3005 5010 5000 
10 2 2136 4926 2137 
10 2 4950 5016 2875 
10 2 2099 4960 4799 
10 2 4704 4979 2997 
10 2 2332 4951 2038 
10 2 273 4357 272 
10 2 2917 4975 4905 
10 2 4882 4977 2705 
10 2 4900 4901 2754 
10 2 1139 5037 2447 
10 2 1856 5028 4978 
10 2 2759 5049 2770 
10 2 4678 4881 4677 
10 2 2096 5065 5049 
10 2 3705 4886 3706 
10 2 1120 4717 1118 
10 2 4951 5021 2759 
10 2 2455 3973 1121 
10 2 2760 4971 4937 
10 2 2236 5023 2238 
10 2 1965 4100 1748 
10 2 2437 4972 4962 
10 2 4696 5001 2736 
10 2 3110 4991 4832 
10 2 2124 4995 4818 
10 2 2761 5022 3742 
10 2 3011 4975 4974 
10 2 1159 4865 1157 
10 2 3000 5029 4965 
10 2 2997 4979 2757 
10 2 4965 4976 3000 
10 2 2736 5001 2903 
10 2 3160 5005 4896 
10 2 3554 5065 4750 
10 2 1118 4717 1872 
10 2 2850 5032 3189 
10 2 2274 4957 2863 
10 2 1730 4957 2274 
10 2 2038 4951 2078 
10 2 1121 3973 1123 
10 2 4975 4982 2351 
10 2 1782 4779 4237 
10 2 2565 4993 2568 
10 2 1061 4864 1877 
10 2 2039 4887 1140 
10 2 1059 4864 1061 
10 2 1828 4883 1683 
10 2 2161 4998 2270 
10 2 2189 4856 2191 
10 2 4974 4975 2917 
10 2 3581 5074 5068 
10 2 5042 5050 3022 
10 2 257 4830 256 
10 2 3004 4919 4918 
10 2 3003 5064 4854 
10 2 3474 4992 3477 
10 2 2137 4926 2140 
10 2 3629 4779 1782 
10 2 3389 4939 3391 
10 2 2457 5084 5064 
10 2 4978 5028 3646 
10 2 4964 5046 2138 
10 2 2551 5043 3827 
10 2 2449 5015 5003 
10 2 4575 5035 3725 
10 2 3827 5028 1856 
10 2 2920 4969 4659 
10 2 4976 5009 3000 
10 2 2763 5056 2769 
10 2 2900 4813 4812 
10 2 4962 4972 3002 
10 2 3946 4715 2997 
10 2 232 4866 231 
10 2 1068 4989 1071 
10 2 4600 4969 2920 
10 2 1064 4816 1067 
10 2 2444 5010 2543 
10 2 2462 4883 1828 
10 2 3516 4839 2228 
10 2 4830 5025 3755 
10 2 3827 5043 5028 
10 2 5023 5045 3013 
10 2 2449 5003 2451 
10 2 2568 4993 3090 
10 2 3011 4982 4975 
10 2 5040 5076 3603 
10 2 1961 5038 3626 
10 2 3004 4936 4919 
10 2 3810 5013 2746 
10 2 5004 5036 3567 
10 2 533 4222 532 
10 2 3011 4976 2448 
10 2 537 4250 536 
10 2 2837 5029 2762 
10 2 4949 5000 2444 
10 2 535 4271 534 
10 2 2854 5066 3221 
10 2 3495 5021 2332 
10 2 1150 4894 1148 
10 2 4911 5000 4949 
10 2 2238 5016 3517 
10 2 4896 5005 2026 
10 2 5038 5050 3626 
10 2 1025 4870 1026 
10 2 1157 4894 1150 
10 2 1954 5035 4575 
10 2 5013 5060 4069 
10 2 4879 4997 2439 
10 2 3391 4939 3396 
10 2 2433 4983 3688 
10 2 1962 5009 4974 
10 2 1677 5007 1768 
10 2 1768 5006 2458 
10 2 3032 5067 3034 
10 2 4769 5092 1980 
10 2 3206 5041 3208 
10 2 4912 5000 4911 
10 2 1145 5027 2048 
10 2 3603 5083 2833 
10 2 1086 4750 1085 
10 2 3517 5016 4950 
10 2 2451 5039 3020 
10 2 3434 5014 2218 
10 2 3810 5060 5013 
10 2 5045 5051 3576 
10 2 3034 5062 3134 
10 2 5028 5043 3649 
10 2 2096 5049 2889 
10 2 1137 5037 1139 
10 2 528 4616 527 
10 2 2241 5023 2236 
10 2 4816 4980 1067 
10 2 1209 5030 1211 
10 2 3581 5068 5020 
10 2 2228 4839 3634 
10 2 1148 4870 1025 
10 2 4937 5012 4679 
10 2 3646 5028 3649 
10 2 3688 5036 2756 
10 2 5085 5094 1097 
10 2 1088 5002 1091 
10 2 4529 4983 4902 
10 2 5026 5071 3431 
10 2 3020 5039 5006 
10 2 2166 4998 2163 
10 2 2163 4998 2161 
10 2 2997 4715 4704 
10 2 3018 5039 5003 
10 2 2756 5036 5004 
10 2 4878 5015 2449 
10 2 2848 5032 2850 
10 2 3012 5053 2456 
10 2 1096 5085 1097 
10 2 1684 4989 3008 
10 2 1670 5019 3778 
10 2 2970 5012 4971 
10 2 5081 5089 1102 
10 2 2756 5004 4988 
10 2 2215 5014 2214 
10 2 4765 5055 1688 
10 2 2445 4988 2763 
10 2 3725 4997 2755 
10 2 1130 4940 1132 
10 2 3121 5026 2823 
10 2 5033 5080 2471 
10 2 1037 4981 1961 
10 2 3113 5073 2837 
10 2 5000 5010 2444 
10 2 3576 5051 2578 
10 2 256 4830 3755 
10 2 4992 5011 3477 
10 2 4994 5061 3054 
10 2 3506 5054 3507 
10 2 1132 4940 1137 
10 2 1145 5059 5027 
10 2 1746 5008 3392 
10 2 1071 4989 1684 
10 2 1636 5019 1670 
10 2 2815 5061 4994 
10 2 2869 5046 4964 
10 2 4971 5012 4937 
10 2 5003 5039 2451 
10 2 3210 5046 2869 
10 2 5070 5072 1872 
10 2 2769 5055 3032 
10 2 5017 5022 2438 
10 2 2003 4616 528 
10 2 2135 5057 2134 
10 2 5057 5075 2134 
10 2 3089 5082 2872 
10 2 4475 5075 4985 
10 2 3457 5018 3468 
10 2 4797 5019 1636 
10 2 2756 4988 2445 
10 2 4902 4983 2433 
10 2 1959 5020 4981 
10 2 4985 5075 3214 
10 2 5066 5080 2859 
10 2 1141 5042 1145 
10 2 3016 5068 3607 
10 2 1959 4981 1037 
10 2 3617 5053 5047 
10 2 2872 5078 2766 
10 2 1688 5056 4838 
10 2 2332 5021 4951 
10 2 4678 5084 4881 
10 2 3105 5024 4615 
10 2 1872 5072 1117 
10 2 3742 5022 5017 
10 2 5020 5068 3016 
10 2 1980 5076 1966 
10 2 2452 5052 3014 
10 2 3015 5059 3022 
10 2 3459 5018 3457 
10 2 3626 5050 5044 
10 2 2241 5045 5023 
10 2 1747 5008 1127 
10 2 1090 5069 5002 
10 2 2755 4997 4879 
10 2 3617 5084 5053 
10 2 3034 5077 5062 
10 2 4736 4737 2515 
10 2 2218 5014 2215 
10 2 2766 5078 3003 
10 2 4965 5029 1763 
10 2 1211 5030 4973 
10 2 3213 5046 3210 
10 2 1095 4753 1101 
10 2 1101 4753 4751 
10 2 4120 5060 3810 
10 2 2167 5058 2166 
10 2 2456 5053 2457 
10 2 2859 5080 2768 
10 2 5006 5007 3020 
10 2 2823 5026 4848 
10 2 5047 5053 3012 
10 2 3189 5087 3190 
10 2 3555 5094 5079 
10 2 2471 5080 2854 
10 2 3023 5072 5070 
10 2 5039 5040 5006 
10 2 3121 5071 5026 
10 2 3160 5034 5005 
10 2 5006 5040 2458 
10 2 4101 5090 5008 
10 2 2334 5079 4961 
10 2 1964 5063 1965 
10 2 3625 5044 3628 
10 2 4961 5079 2765 
10 2 2517 4736 2514 
10 2 2134 5075 4475 
10 2 3014 5059 3015 
10 2 3626 5044 3625 
10 2 4752 5069 4773 
10 2 1864 5067 4765 
10 2 1768 5007 5006 
10 2 5002 5069 4752 
10 2 4750 5065 2096 
10 2 5072 5086 1163 
10 2 2765 5094 3019 
10 2 2514 4736 2515 
10 2 3014 5052 5027 
10 2 4881 5084 3617 
10 2 1102 5085 1096 
10 2 1127 5008 1746 
10 2 3054 4968 2503 
10 2 2479 5048 2259 
10 2 2503 4968 3067 
10 2 3023 5070 3024 
10 2 5055 5056 1688 
10 2 2769 5056 5055 
10 2 3636 5048 2479 
10 2 2837 5073 5029 
10 2 2577 5031 4694 
10 2 3768 5031 2577 
10 2 3089 5096 5082 
10 2 1763 5073 4658 
10 2 5053 5084 2457 
10 2 4662 5074 3580 
10 2 3018 5040 5039 
10 2 1966 5076 3018 
10 2 4280 5077 1864 
10 2 2767 5088 3560 
10 2 5085 5089 3019 
10 2 3019 5094 5085 
10 2 3718 5081 1102 
10 2 3003 5078 5063 
10 2 4906 5081 2767 
10 2 5027 5059 3014 
10 2 3411 5089 4906 
10 2 2231 5033 2232 
10 2 5032 5058 3189 
10 2 5063 5064 3003 
10 2 5029 5073 1763 
10 2 1163 5088 3718 
10 2 2833 5083 2835 
10 2 2166 5058 5032 
10 2 2232 5033 2471 
10 2 4594 5087 2170 
10 2 3580 5074 3581 
10 2 3018 5076 5040 
10 2 3560 5086 2841 
10 2 5067 5077 3034 
10 2 5008 5090 3392 
10 2 5063 5078 1965 
10 2 1965 5082 4100 
10 2 3491 5091 4594 
10 2 2841 5086 3023 
10 2 1864 5077 5067 
10 2 2872 5082 5078 
10 2 5083 5092 2835 
10 2 5082 5096 4100 
10 2 2835 5093 3235 
10 2 1102 5089 5085 
10 2 5071 5095 3438 
10 2 1097 5094 3555 
10 2 3196 5092 4769 
10 2 5081 5088 2767 
10 2 4594 5091 5087 
10 2 5078 5082 1965 
10 2 4100 5096 4101 
10 2 5087 5091 3190 
10 2 3023 5086 5072 
10 2 3718 5088 5081 
10 2 3121 5095 5071 
10 2 5092 5093 2835 
10 2 3196 5093 5092 
10 2 3113 5097 5073 
10 2 5073 5097 4658 
10 2 5100 5101 2204 
10 2 5200 5210 3826 
10 2 3451 5534 5224 
10 2 4009 5305 4011 
10 2 1909 5098 2555 
10 2 2082 5098 1810 
10 2 2172 5099 4956 
10 2 4109 5393 3837 
10 2 1364 5405 3292 
10 2 3293 5406 599 
10 2 3354 5100 2200 
10 2 2201 5100 2204 
10 2 3355 5100 3354 
10 2 3355 5101 5100 
10 2 1810 5098 1909 
10 2 4956 5099 2861 
10 2 3087 5510 4456 
10 2 2200 5100 2201 
10 2 2204 5101 3691 
10 2 2454 5508 3909 
10 2 2843 5313 5132 
10 2 171 5102 170 
10 2 4015 5103 603 
10 2 3755 5104 614 
10 2 2527 5105 3565 
10 2 2464 5105 2085 
10 2 5103 5510 3087 
10 2 421 5106 420 
10 2 3227 5163 3309 
10 2 4132 5548 5204 
10 2 3089 5511 5096 
10 2 3887 5387 1709 
10 2 558 5388 3929 
10 2 3376 5166 3377 
10 2 3377 5165 1720 
10 2 5130 5155 4638 
10 2 5125 5154 2551 
10 2 131 5401 3299 
10 2 2128 5107 2129 
10 2 5316 5553 3678 
10 2 631 5394 3296 
10 2 5236 5529 4128 
10 2 3309 5169 572 
10 2 4017 5198 4456 
10 2 1186 5108 28 
10 2 3289 5355 1344 
10 2 348 5109 347 
10 2 5311 5549 3613 
10 2 170 5102 575 
10 2 3532 5110 4945 
10 2 195 5111 194 
10 2 1227 5112 3572 
10 2 3334 5179 3222 
10 2 21 5113 20 
10 2 3352 5182 3353 
10 2 5104 5511 3089 
10 2 4016 5103 4015 
10 2 126 5115 125 
10 2 1701 5116 3966 
10 2 5025 5104 3755 
10 2 3194 5122 3192 
10 2 4457 5383 1581 
10 2 610 5384 3818 
10 2 2085 5105 2527 
10 2 3287 5175 541 
10 2 420 5106 1343 
10 2 3909 5508 5110 
10 2 552 5382 4917 
10 2 3272 5430 1454 
10 2 169 5117 168 
10 2 2129 5107 2132 
10 2 4062 5531 5239 
10 2 249 5118 248 
10 2 3406 5533 5255 
10 2 608 5391 3276 
10 2 2831 5392 3298 
10 2 28 5108 27 
10 2 1288 5360 3683 
10 2 1445 5109 348 
10 2 3550 5504 5194 
10 2 3165 5503 5183 
10 2 1777 5119 4548 
10 2 5097 5119 4658 
10 2 4513 5120 2526 
10 2 3244 5120 2918 
10 2 464 5121 463 
10 2 4945 5110 2284 
10 2 4755 5122 2168 
10 2 3192 5122 3064 
10 2 3467 5145 2186 
10 2 544 5111 195 
10 2 3997 5123 3999 
10 2 4004 5123 4002 
10 2 2172 5126 5099 
10 2 3572 5112 3573 
10 2 3683 5404 342 
10 2 3825 5124 1360 
10 2 3416 5125 2524 
10 2 2311 5125 2551 
10 2 2168 5126 2169 
10 2 5099 5126 3194 
10 2 117 5127 116 
10 2 4493 5128 4401 
10 2 4522 5128 3894 
10 2 366 5129 591 
10 2 2262 5130 4638 
10 2 3181 5130 4115 
10 2 20 5113 640 
10 2 525 5131 524 
10 2 4415 5306 3190 
10 2 1184 5134 3689 
10 2 3950 5143 3959 
10 2 3959 5144 3956 
10 2 1229 5370 3876 
10 2 125 5115 566 
10 2 598 5228 3957 
10 2 2558 5369 4036 
10 2 91 5136 90 
10 2 3966 5116 3968 
10 2 5259 5535 4759 
10 2 412 5137 411 
10 2 5224 5534 652 
10 2 566 5138 4172 
10 2 2132 5139 2133 
10 2 2136 5139 5041 
10 2 3285 5386 1398 
10 2 286 5140 285 
10 2 1342 5366 4018 
10 2 315 5141 314 
10 2 4924 5142 1697 
10 2 3288 5158 4103 
10 2 3960 5144 2047 
10 2 3949 5143 3950 
10 2 3956 5144 3954 
10 2 2047 5143 4585 
10 2 2186 5145 4963 
10 2 3422 5145 3428 
10 2 4337 5476 2550 
10 2 575 5117 169 
10 2 4939 5512 3396 
10 2 3286 5159 3288 
10 2 4291 5146 4293 
10 2 530 5148 529 
10 2 281 5146 280 
10 2 539 5147 538 
10 2 592 5149 76 
10 2 75 5149 1443 
10 2 4011 5326 1717 
10 2 3417 5154 5125 
10 2 4420 5150 4386 
10 2 426 5408 3289 
10 2 3182 5155 5130 
10 2 4204 5152 4207 
10 2 5204 5548 627 
10 2 218 5153 1401 
10 2 607 5271 3182 
10 2 5242 5536 3179 
10 2 584 5276 3417 
10 2 585 5440 3647 
10 2 5141 5301 314 
10 2 543 5362 3944 
10 2 3135 5381 4406 
10 2 286 5302 5140 
10 2 632 5286 3193 
10 2 3146 5171 3148 
10 2 5137 5304 411 
10 2 3338 5135 3340 
10 2 4108 5359 545 
10 2 248 5118 1700 
10 2 3396 5512 5112 
10 2 1366 5529 5236 
10 2 4178 5335 4375 
10 2 1813 5158 1947 
10 2 4103 5158 1868 
10 2 3278 5159 3286 
10 2 1947 5159 4946 
10 2 5136 5308 90 
10 2 3134 5380 4202 
10 2 5098 5499 2555 
10 2 5182 5251 3353 
10 2 5244 5540 4873 
10 2 3309 5206 5169 
10 2 3377 5200 5165 
10 2 574 5372 3302 
10 2 3958 5373 1335 
10 2 4268 5499 5098 
10 2 84 5160 83 
10 2 4644 5357 1283 
10 2 642 5358 3753 
10 2 2273 5157 4420 
10 2 4658 5119 1777 
10 2 3308 5379 1364 
10 2 2918 5120 4513 
10 2 557 5121 464 
10 2 5264 5539 3131 
10 2 237 5162 236 
10 2 2463 5163 4227 
10 2 2672 5163 3227 
10 2 4124 5164 4123 
10 2 3064 5122 4755 
10 2 2499 5166 3376 
10 2 2543 5166 2258 
10 2 1720 5165 475 
10 2 474 5165 615 
10 2 565 5354 4257 
10 2 525 5314 5131 
10 2 1704 5168 1862 
10 2 153 5169 4065 
10 2 572 5169 154 
10 2 4002 5123 3997 
10 2 3211 5376 3859 
10 2 3858 5375 3207 
10 2 3373 5377 618 
10 2 3290 5416 39 
10 2 497 5414 3291 
10 2 3329 5132 3328 
10 2 319 5170 318 
10 2 5239 5531 1452 
10 2 4850 5514 3096 
10 2 3826 5124 3825 
10 2 1862 5171 4479 
10 2 3051 5171 3146 
10 2 5127 5315 116 
10 2 3347 5172 3343 
10 2 416 5173 415 
10 2 2524 5125 2311 
10 2 3636 5541 5266 
10 2 2555 5174 2556 
10 2 3566 5338 549 
10 2 2169 5126 2172 
10 2 568 5335 4178 
10 2 1450 5127 117 
10 2 4401 5128 4522 
10 2 541 5175 180 
10 2 179 5175 3937 
10 2 200 5176 199 
10 2 367 5129 366 
10 2 521 5177 520 
10 2 16 5178 15 
10 2 4115 5130 2262 
10 2 4739 5179 2464 
10 2 3222 5179 2873 
10 2 3283 5447 608 
10 2 121 5181 120 
10 2 4082 5316 3677 
10 2 3531 5371 3719 
10 2 5121 5322 463 
10 2 524 5131 638 
10 2 3550 5194 3552 
10 2 3399 5192 3395 
10 2 1114 5184 278 
10 2 3398 5190 3394 
10 2 276 5185 617 
10 2 617 5187 275 
10 2 274 5187 1698 
10 2 3165 5183 4737 
10 2 1446 5189 265 
10 2 3548 5195 3551 
10 2 266 5191 1446 
10 2 2838 5186 3125 
10 2 620 5191 267 
10 2 268 5193 620 
10 2 1699 5193 269 
10 2 3126 5186 2839 
10 2 3393 5190 3399 
10 2 3546 5195 3545 
10 2 612 5196 271 
10 2 270 5196 1699 
10 2 4357 5188 4358 
10 2 3401 5192 3546 
10 2 5070 5194 3024 
10 2 4936 5182 2268 
10 2 3310 5157 2273 
10 2 3359 5182 3352 
10 2 1712 5353 4213 
10 2 468 5197 467 
10 2 1749 5198 1852 
10 2 4456 5198 2075 
10 2 3794 5133 1186 
10 2 3728 5225 637 
10 2 3349 5135 3338 
10 2 3689 5134 3727 
10 2 4265 5199 4542 
10 2 3383 5418 297 
10 2 245 5202 244 
10 2 249 5324 5118 
10 2 244 5203 243 
10 2 4132 5204 3774 
10 2 3775 5204 3836 
10 2 2797 5205 3186 
10 2 3350 5205 2799 
10 2 5255 5533 555 
10 2 3145 5220 4174 
10 2 3691 5207 5011 
10 2 3218 5390 3330 
10 2 4186 5208 4185 
10 2 469 5209 468 
10 2 3006 5210 5010 
10 2 3127 5231 4017 
10 2 1717 5470 4012 
10 2 2526 5211 2307 
10 2 3891 5546 5246 
10 2 3096 5514 5116 
10 2 4038 5212 2801 
10 2 3694 5348 554 
10 2 3979 5367 3202 
10 2 3124 5368 4459 
10 2 595 5136 91 
10 2 122 5220 121 
10 2 4174 5220 1451 
10 2 1402 5346 3857 
10 2 1508 5347 3802 
10 2 3648 5452 585 
10 2 2789 5221 2790 
10 2 520 5222 519 
10 2 17 5223 16 
10 2 5194 5504 4358 
10 2 5183 5503 4292 
10 2 3451 5224 3453 
10 2 3456 5224 3465 
10 2 4410 5226 4850 
10 2 199 5227 198 
10 2 599 5460 3295 
10 2 1336 5228 384 
10 2 383 5228 598 
10 2 5117 5331 168 
10 2 3392 5229 4939 
10 2 571 5344 4467 
10 2 604 5137 412 
10 2 2550 5230 4153 
10 2 1697 5505 3776 
10 2 4172 5138 4173 
10 2 1852 5231 4097 
10 2 3075 5231 3127 
10 2 5096 5232 4101 
10 2 3122 5365 4209 
10 2 2785 5233 3175 
10 2 2870 5235 2868 
10 2 4082 5234 4081 
10 2 1399 5536 5242 
10 2 4176 5239 4175 
10 2 417 5241 416 
10 2 4028 5245 4027 
10 2 3723 5247 1537 
10 2 1362 5249 3988 
10 2 2133 5139 2136 
10 2 5279 5542 3155 
10 2 285 5140 1104 
10 2 320 5252 319 
10 2 3128 5253 3129 
10 2 3406 5255 4993 
10 2 2809 5256 3173 
10 2 1646 5389 3543 
10 2 577 5141 315 
10 2 4362 5257 3130 
10 2 4205 5142 4924 
10 2 126 5333 5115 
10 2 1443 5340 3898 
10 2 4145 5341 556 
10 2 3829 5342 1280 
10 2 2860 5258 3324 
10 2 2810 5259 4759 
10 2 1398 5468 3297 
10 2 3147 5201 560 
10 2 4585 5143 3949 
10 2 3954 5144 3960 
10 2 2782 5261 3177 
10 2 3649 5262 3650 
10 2 4963 5145 3422 
10 2 238 5263 237 
10 2 21 5336 5113 
10 2 3133 5264 3131 
10 2 3284 5265 3323 
10 2 3094 5236 4128 
10 2 3176 5237 3036 
10 2 618 5473 3374 
10 2 3636 5266 5048 
10 2 3183 5267 2851 
10 2 2969 5268 2844 
10 2 2853 5269 3541 
10 2 4255 5337 4289 
10 2 83 5270 82 
10 2 428 5271 607 
10 2 1345 5271 429 
10 2 3197 5272 3610 
10 2 3652 5273 3651 
10 2 3199 5273 3198 
10 2 4033 5498 1184 
10 2 5111 5339 194 
10 2 1347 5363 3326 
10 2 643 5481 3460 
10 2 331 5276 584 
10 2 1509 5276 332 
10 2 538 5147 2004 
10 2 280 5146 4291 
10 2 529 5148 2003 
10 2 3325 5225 3307 
10 2 587 5540 5244 
10 2 3622 5277 2846 
10 2 3137 5278 4581 
10 2 2814 5279 3155 
10 2 3539 5301 5141 
10 2 3328 5485 1347 
10 2 5140 5302 3153 
10 2 5109 5343 347 
10 2 76 5149 75 
10 2 3429 5395 3543 
10 2 3528 5238 3526 
10 2 3151 5281 2815 
10 2 3337 5492 622 
10 2 1454 5461 3305 
10 2 4888 5283 3538 
10 2 3078 5304 5137 
10 2 3999 5478 2244 
10 2 5120 5516 2526 
10 2 3356 5212 3357 
10 2 3319 5284 3038 
10 2 3039 5285 3320 
10 2 499 5286 632 
10 2 1281 5286 500 
10 2 1318 5535 5259 
10 2 4386 5150 1967 
10 2 3704 5289 4817 
10 2 3157 5308 5136 
10 2 4900 5290 2434 
10 2 1705 5290 1867 
10 2 4493 5515 5128 
10 2 1360 5494 4145 
10 2 2846 5293 2845 
10 2 2952 5294 3137 
10 2 3151 5545 5281 
10 2 5131 5314 3637 
10 2 3314 5332 3313 
10 2 1442 5456 3318 
10 2 421 5345 5106 
10 2 2244 5475 4000 
10 2 2773 5296 3197 
10 2 3198 5297 2774 
10 2 583 5152 4204 
10 2 4062 5239 4134 
10 2 1337 5254 3312 
10 2 3081 5315 5127 
10 2 5099 5151 2861 
10 2 3717 5298 3716 
10 2 3184 5298 3183 
10 2 3541 5299 2822 
10 2 3304 5458 631 
10 2 3375 5288 3040 
10 2 5283 5547 3538 
10 2 219 5153 218 
10 2 3177 5300 3178 
10 2 3787 5300 3788 
10 2 313 5301 1320 
10 2 616 5302 287 
10 2 410 5304 1341 
10 2 1421 5305 1427 
10 2 636 5328 4033 
10 2 4249 5329 1447 
10 2 3721 5330 1539 
10 2 449 5201 448 
10 2 5107 5495 2132 
10 2 3119 5307 3117 
10 2 89 5308 1733 
10 2 3116 5322 5121 
10 2 3130 5309 2826 
10 2 2828 5309 3303 
10 2 171 5350 5102 
10 2 3173 5310 3174 
10 2 3514 5311 4742 
10 2 3301 5312 2834 
10 2 2832 5312 3128 
10 2 655 5314 526 
10 2 2551 5154 5043 
10 2 1449 5396 3330 
10 2 5118 5324 3407 
10 2 115 5315 564 
10 2 3175 5318 4948 
10 2 2883 5317 2870 
10 2 3070 5318 3300 
10 2 3025 5240 3027 
10 2 4730 5319 3176 
10 2 4966 5320 3528 
10 2 3402 5321 2836 
10 2 2128 5432 5107 
10 2 462 5322 1318 
10 2 2242 5327 3911 
10 2 3027 5323 4820 
10 2 555 5324 250 
10 2 4129 5331 5117 
10 2 3711 5325 3712 
10 2 1419 5326 1421 
10 2 1717 5326 1423 
10 2 3812 5327 4653 
10 2 4638 5155 4639 
10 2 264 5156 263 
10 2 3317 5274 3035 
10 2 5115 5333 4061 
10 2 3475 5328 3478 
10 2 2824 5329 4038 
10 2 3439 5330 3440 
10 2 167 5331 1366 
10 2 4415 5260 644 
10 2 5113 5336 3450 
10 2 588 5325 4208 
10 2 1452 5333 127 
10 2 561 5334 4019 
10 2 652 5336 22 
10 2 3921 5339 5111 
10 2 3186 5337 4281 
10 2 549 5338 220 
10 2 193 5339 1399 
10 2 3111 5343 5109 
10 2 3299 5457 567 
10 2 3371 5342 3370 
10 2 3114 5341 3057 
10 2 346 5343 587 
10 2 548 5374 3333 
10 2 2819 5344 2818 
10 2 3351 5361 1811 
10 2 2881 5242 3179 
10 2 3712 5243 3843 
10 2 606 5345 422 
10 2 3365 5346 3687 
10 2 3195 5347 3196 
10 2 5106 5345 3893 
10 2 3159 5348 3160 
10 2 3383 5349 3380 
10 2 3163 5349 3162 
10 2 627 5350 172 
10 2 5102 5350 3103 
10 2 3063 5351 3291 
10 2 3290 5352 2849 
10 2 2847 5352 3104 
10 2 3059 5353 3106 
10 2 3107 5351 3061 
10 2 3944 5483 1701 
10 2 596 5323 4164 
10 2 4698 5354 3144 
10 2 3895 5355 3849 
10 2 3077 5355 3289 
10 2 4207 5496 2704 
10 2 641 5356 3722 
10 2 1967 5332 4337 
10 2 3481 5357 3483 
10 2 3438 5358 3471 
10 2 3140 5359 3141 
10 2 3683 5360 3682 
10 2 3659 5360 3143 
10 2 77 5361 592 
10 2 1811 5361 78 
10 2 5115 5502 566 
10 2 3068 5362 3535 
10 2 440 5363 1347 
10 2 621 5363 441 
10 2 4229 5364 1338 
10 2 4209 5365 354 
10 2 353 5365 1321 
10 2 2802 5244 4873 
10 2 2855 5366 4143 
10 2 93 5367 3979 
10 2 4459 5368 451 
10 2 450 5368 560 
10 2 623 5367 94 
10 2 2862 5370 3521 
10 2 5246 5546 606 
10 2 226 5371 550 
10 2 3719 5371 227 
10 2 2864 5372 3093 
10 2 3302 5372 2866 
10 2 3138 5373 3139 
10 2 3953 5373 3958 
10 2 1401 5374 217 
10 2 216 5374 548 
10 2 485 5375 3858 
10 2 1183 5375 486 
10 2 476 5377 1720 
10 2 3859 5376 51 
10 2 50 5376 639 
10 2 618 5377 477 
10 2 3987 5378 570 
10 2 155 5379 572 
10 2 1364 5379 156 
10 2 4202 5380 309 
10 2 308 5380 1228 
10 2 4036 5479 1227 
10 2 4406 5381 406 
10 2 405 5381 1340 
10 2 3508 5382 3511 
10 2 3090 5383 2871 
10 2 3067 5384 3767 
10 2 3908 5385 3907 
10 2 1398 5386 182 
10 2 181 5386 541 
10 2 3543 5389 3542 
10 2 4786 5388 3136 
10 2 3083 5387 3065 
10 2 3423 5389 3425 
10 2 110 5390 563 
10 2 433 5391 608 
10 2 1346 5391 434 
10 2 7 5392 2831 
10 2 1165 5392 8 
10 2 4958 5393 3215 
10 2 1583 5394 505 
10 2 504 5394 631 
10 2 31 5395 646 
10 2 3600 5396 4587 
10 2 3330 5396 3219 
10 2 2704 5474 4207 
10 2 1442 5397 66 
10 2 162 5398 1365 
10 2 598 5399 382 
10 2 3730 5400 3731 
10 2 1453 5401 132 
10 2 509 5402 630 
10 2 1282 5402 510 
10 2 1778 5403 203 
10 2 202 5403 4108 
10 2 341 5404 586 
10 2 105 5407 562 
10 2 607 5408 427 
10 2 3055 5409 4899 
10 2 3080 5410 3029 
10 2 548 5411 215 
10 2 329 5412 1287 
10 2 584 5412 330 
10 2 1397 5413 177 
10 2 176 5413 540 
10 2 79 5415 1811 
10 2 38 5416 1214 
10 2 3978 5415 80 
10 2 632 5414 498 
10 2 570 5417 144 
10 2 296 5418 578 
10 2 303 5419 1508 
10 2 393 5420 600 
10 2 1338 5420 394 
10 2 1551 5421 46 
10 2 1280 5422 491 
10 2 45 5421 641 
10 2 1831 5423 222 
10 2 221 5423 549 
10 2 1447 5424 99 
10 2 98 5424 596 
10 2 445 5425 561 
10 2 1317 5425 446 
10 2 5061 5426 3054 
10 2 3515 5427 4053 
10 2 3031 5428 3079 
10 2 2454 5385 5054 
10 2 5107 5432 3782 
10 2 1708 5429 4124 
10 2 3214 5431 4986 
10 2 3041 5432 4815 
10 2 4111 5320 1831 
10 2 3776 5321 582 
10 2 3540 5433 3092 
10 2 3074 5434 3052 
10 2 3158 5435 3760 
10 2 3049 5436 4707 
10 2 3357 5551 103 
10 2 3695 5437 3123 
10 2 1868 5158 1813 
10 2 3487 5438 3638 
10 2 3120 5439 3121 
10 2 3071 5441 3047 
10 2 3465 5550 24 
10 2 614 5472 4457 
10 2 4946 5159 3278 
10 2 448 5442 447 
10 2 3115 5444 4920 
10 2 5151 5532 5258 
10 2 3410 5445 3408 
10 2 3613 5446 3046 
10 2 3990 5516 5120 
10 2 4489 5319 4051 
10 2 3678 5448 4840 
10 2 603 5471 4406 
10 2 4494 5450 3102 
10 2 3042 5451 3069 
10 2 3445 5453 3448 
10 2 3798 5454 3797 
10 2 3110 5455 4991 
10 2 619 5456 68 
10 2 67 5456 1442 
10 2 5154 5528 5262 
10 2 3166 5398 3302 
10 2 3958 5399 3955 
10 2 5155 5527 5265 
10 2 1337 5460 389 
10 2 388 5460 599 
10 2 157 5405 1364 
10 2 599 5406 387 
10 2 3891 5246 3890 
10 2 138 5461 1454 
10 2 569 5461 139 
10 2 4130 5316 1455 
10 2 4691 5317 1551 
10 2 564 5539 5264 
10 2 3415 5544 327 
10 2 1709 5160 84 
10 2 3836 5537 174 
10 2 370 5538 3350 
10 2 5128 5515 4186 
10 2 3950 5161 4492 
10 2 183 5468 1398 
10 2 4028 5334 3262 
10 2 3148 5443 3149 
10 2 392 5469 391 
10 2 4112 5311 1713 
10 2 1425 5470 1717 
10 2 2304 5470 1779 
10 2 578 5310 3877 
10 2 478 5473 618 
10 2 2844 5313 2843 
10 2 4119 5475 2244 
10 2 2933 5475 2932 
10 2 236 5162 552 
10 2 4227 5163 2672 
10 2 4010 5477 4009 
10 2 2244 5478 2067 
10 2 3784 5480 3785 
10 2 3858 5480 635 
10 2 3845 5517 3006 
10 2 3299 5401 3242 
10 2 26 5481 643 
10 2 1696 5482 3719 
10 2 4123 5164 590 
10 2 264 5189 5156 
10 2 609 5313 4407 
10 2 438 5485 609 
10 2 1347 5485 439 
10 2 1454 5430 137 
10 2 2559 5490 3583 
10 2 628 5488 1 
10 2 1 5488 2821 
10 2 282 5486 4 
10 2 64 5490 2 
10 2 4 5486 281 
10 2 2 5490 63 
10 2 6 5487 0 
10 2 0 5487 539 
10 2 4817 5488 651 
10 2 531 5489 5 
10 2 5 5489 530 
10 2 475 5165 474 
10 2 2258 5166 2499 
10 2 622 5492 368 
10 2 103 5551 102 
10 2 3332 5500 2790 
10 2 5266 5541 655 
10 2 24 5550 23 
10 2 591 5172 3922 
10 2 1214 5306 4414 
10 2 593 5307 3978 
10 2 2704 5496 2469 
10 2 327 5544 326 
10 2 3024 5497 2842 
10 2 3370 5248 3108 
10 2 2790 5500 2739 
10 2 2738 5500 4900 
10 2 3989 5501 571 
10 2 390 5254 1337 
10 2 371 5538 370 
10 2 174 5537 173 
10 2 2002 5508 2454 
10 2 1867 5168 1704 
10 2 154 5169 153 
10 2 3916 5275 3917 
10 2 3969 5274 542 
10 2 3937 5303 1397 
10 2 2820 5249 2819 
10 2 4548 5474 2704 
10 2 5161 5518 5285 
10 2 318 5170 1229 
10 2 4479 5171 3051 
10 2 3343 5172 3341 
10 2 1282 5462 3306 
10 2 2795 5250 3195 
10 2 415 5173 1342 
10 2 263 5493 3 
10 2 3 5493 262 
10 2 3162 5250 2795 
10 2 2464 5219 5105 
10 2 4758 5299 645 
10 2 5151 5258 2861 
10 2 3681 5404 3683 
10 2 2556 5174 3135 
10 2 560 5201 449 
10 2 3904 5296 1778 
10 2 586 5297 3924 
10 2 336 5440 585 
10 2 4206 5525 4205 
10 2 3313 5332 5150 
10 2 5108 5481 27 
10 2 1322 5295 3985 
10 2 5154 5262 5043 
10 2 5106 5507 1343 
10 2 180 5175 179 
10 2 545 5176 200 
10 2 3108 5248 3107 
10 2 3104 5247 3105 
10 2 3723 5356 3268 
10 2 630 5293 4768 
10 2 559 5294 3928 
10 2 490 5422 3300 
10 2 5155 5265 4639 
10 2 4866 5282 3908 
10 2 1283 5177 521 
10 2 15 5178 642 
10 2 391 5254 390 
10 2 590 5552 4210 
10 2 2873 5179 4739 
10 2 5011 5519 3477 
10 2 4177 5292 1453 
10 2 4222 5513 2830 
10 2 3247 5180 4103 
10 2 3289 5408 3180 
10 2 120 5181 565 
10 2 5110 5508 2284 
10 2 3993 5284 573 
10 2 2933 5364 4001 
10 2 2268 5182 3359 
10 2 4737 5183 3675 
10 2 278 5184 277 
10 2 5184 5185 277 
10 2 277 5185 276 
10 2 1698 5188 4357 
10 2 275 5187 274 
10 2 2839 5186 2838 
10 2 265 5189 264 
10 2 3394 5190 3393 
10 2 267 5191 266 
10 2 3395 5192 3401 
10 2 269 5193 268 
10 2 3552 5194 5070 
10 2 3545 5195 3548 
10 2 271 5196 270 
10 2 1365 5291 3992 
10 2 608 5447 432 
10 2 5124 5517 3845 
10 2 1733 5542 5279 
10 2 2821 5289 4531 
10 2 3780 5288 1093 
10 2 3301 5419 304 
10 2 3890 5246 3895 
10 2 467 5197 1712 
10 2 2075 5198 1749 
10 2 585 5452 335 
10 2 1776 5282 4866 
10 2 1320 5283 4553 
10 2 2538 5199 4265 
10 2 3223 5245 3224 
10 2 3896 5281 616 
10 2 3992 5291 3993 
10 2 3150 5201 3147 
10 2 5210 5523 2543 
10 2 3239 5378 3988 
10 2 143 5417 3303 
10 2 615 5200 3826 
10 2 554 5202 245 
10 2 243 5203 1402 
10 2 5161 5285 4492 
10 2 3187 5416 3290 
10 2 3291 5414 3191 
10 2 219 5338 5153 
10 2 5211 5526 2463 
10 2 3143 5244 2802 
10 2 3714 5277 1583 
10 2 1733 5279 3923 
10 2 4381 5278 4380 
10 2 646 5280 3794 
10 2 3774 5204 3775 
10 2 2799 5205 2797 
10 2 4065 5206 3991 
10 2 5132 5313 609 
10 2 511 5462 1282 
10 2 4210 5275 3916 
10 2 4185 5208 605 
10 2 3535 5242 2881 
10 2 3843 5243 4525 
10 2 556 5209 469 
10 2 631 5458 503 
10 2 4517 5272 546 
10 2 5101 5207 3691 
10 2 5010 5210 2543 
10 2 4178 5292 4177 
10 2 3458 5463 643 
10 2 2307 5211 2463 
10 2 4616 5266 655 
10 2 563 5267 4171 
10 2 4052 5268 1346 
10 2 3713 5269 1165 
10 2 5281 5545 616 
10 2 2801 5212 3356 
10 2 3200 5240 3025 
10 2 3382 5418 3383 
10 2 4542 5522 4060 
10 2 2004 5218 5214 
10 2 5215 5216 4271 
10 2 2792 5216 5215 
10 2 1098 5215 4271 
10 2 3362 5216 2792 
10 2 2004 5214 4250 
10 2 4250 5214 5213 
10 2 4250 5213 1098 
10 2 1483 5217 4222 
10 2 5213 5215 1098 
10 2 5066 5214 3221 
10 2 5213 5214 5066 
10 2 2859 5213 5066 
10 2 4271 5216 1483 
10 2 2792 5215 2859 
10 2 3363 5217 3362 
10 2 2859 5215 5213 
10 2 3362 5217 5216 
10 2 5216 5217 1483 
10 2 564 5264 4256 
10 2 5214 5218 3221 
10 2 1320 5547 5283 
10 2 3221 5218 3298 
10 2 367 5492 5129 
10 2 1451 5220 122 
10 2 3963 5261 547 
10 2 3263 5221 2789 
10 2 3243 5457 3299 
10 2 5491 5524 1771 
10 2 214 5411 3788 
10 2 519 5222 636 
10 2 1539 5223 17 
10 2 3113 5525 5097 
10 2 3453 5224 3456 
10 2 3322 5464 562 
10 2 3307 5225 3355 
10 2 1318 5259 3838 
10 2 644 5260 3972 
10 2 3526 5238 3529 
10 2 3852 5226 4410 
10 2 3917 5295 1322 
10 2 198 5227 2242 
10 2 4254 5257 569 
10 2 384 5228 383 
10 2 5148 5167 2003 
10 2 5090 5229 3392 
10 2 3888 5255 555 
10 2 1285 5256 3842 
10 2 3093 5236 3094 
10 2 3036 5237 3138 
10 2 3794 5280 5133 
10 2 1228 5253 4090 
10 2 4153 5230 4154 
10 2 3477 5519 5134 
10 2 4097 5231 3075 
10 2 4101 5232 5090 
10 2 3205 5233 2785 
10 2 4081 5234 619 
10 2 2868 5235 3209 
10 2 4032 5233 1183 
10 2 3225 5234 3226 
10 2 639 5235 4567 
10 2 5105 5219 3566 
10 2 1366 5236 3994 
10 2 3995 5237 597 
10 2 550 5238 4110 
10 2 4175 5239 1452 
10 2 4292 5503 1114 
10 2 4358 5504 612 
10 2 4165 5240 623 
10 2 605 5241 417 
10 2 1399 5242 3925 
10 2 1321 5243 3833 
10 2 5133 5484 1186 
10 2 3464 5484 5133 
10 2 587 5244 4468 
10 2 4027 5245 621 
10 2 3977 5246 606 
10 2 3247 5303 5180 
10 2 1537 5247 4416 
10 2 3740 5248 633 
10 2 4405 5249 1362 
10 2 579 5250 3752 
10 2 3056 5251 4936 
10 2 3717 5407 106 
10 2 3312 5254 3315 
10 2 582 5252 320 
10 2 3129 5253 5062 
10 2 5258 5532 1281 
10 2 4993 5255 3090 
10 2 3767 5256 2809 
10 2 3232 5257 4362 
10 2 3345 5524 5491 
10 2 2082 5477 5098 
10 2 2861 5258 2860 
10 2 3136 5259 2810 
10 2 3425 5260 3426 
10 2 5262 5528 1509 
10 2 5098 5477 4268 
10 2 5168 5443 3148 
10 2 5265 5527 1345 
10 2 3215 5261 2782 
10 2 5043 5262 3649 
10 2 562 5464 104 
10 2 1713 5263 238 
10 2 5156 5369 2558 
10 2 4587 5264 3133 
10 2 4639 5265 3284 
10 2 583 5544 5152 
10 2 4578 5552 3028 
10 2 5048 5266 3364 
10 2 2851 5267 3216 
10 2 4544 5268 2969 
10 2 3220 5269 2853 
10 2 5188 5497 3024 
10 2 82 5270 593 
10 2 429 5271 428 
10 2 3610 5272 3730 
10 2 3651 5273 3199 
10 2 5303 5521 5180 
10 2 3035 5274 4565 
10 2 2885 5275 4578 
10 2 4414 5306 4415 
10 2 332 5276 331 
10 2 3234 5277 3622 
10 2 4581 5278 3080 
10 2 4899 5279 2814 
10 2 3428 5280 3427 
10 2 5128 5507 3894 
10 2 643 5463 25 
10 2 4176 5457 4095 
10 2 2815 5281 5061 
10 2 3507 5282 3515 
10 2 3079 5283 4888 
10 2 174 5465 3836 
10 2 3350 5466 370 
10 2 3038 5284 4142 
10 2 4492 5285 3039 
10 2 500 5286 499 
10 2 4676 5287 2301 
10 2 4456 5510 4017 
10 2 3040 5288 3041 
10 2 4986 5289 3704 
10 2 2434 5290 1705 
10 2 3244 5501 5120 
10 2 4060 5522 5138 
10 2 3169 5291 3167 
10 2 3414 5467 1287 
10 2 3273 5335 3321 
10 2 3375 5473 479 
10 2 3056 5340 5251 
10 2 24 5463 3465 
10 2 3240 5292 3241 
10 2 591 5506 5172 
10 2 2845 5293 3571 
10 2 4707 5294 2952 
10 2 65 5397 3583 
10 2 3319 5405 158 
10 2 386 5406 3320 
10 2 3123 5295 3045 
10 2 1455 5316 4082 
10 2 1287 5467 328 
10 2 136 5430 3321 
10 2 327 5467 3415 
10 2 5142 5525 3113 
10 2 3228 5296 2773 
10 2 2774 5297 3231 
10 2 502 5458 3324 
10 2 3652 5440 337 
10 2 334 5452 3650 
10 2 431 5447 3323 
10 2 3835 5465 540 
10 2 622 5466 3335 
10 2 3716 5298 3184 
10 2 2822 5299 3120 
10 2 3300 5422 3233 
10 2 175 5465 174 
10 2 370 5466 369 
10 2 5172 5506 3341 
10 2 5285 5518 1336 
10 2 5147 5218 2004 
10 2 3178 5300 3787 
10 2 314 5301 313 
10 2 287 5302 286 
10 2 3246 5303 3247 
10 2 411 5304 410 
10 2 1427 5305 2082 
10 2 4375 5335 3273 
10 2 103 5464 3357 
10 2 4432 5307 3119 
10 2 3190 5306 3188 
10 2 90 5308 89 
10 2 3317 5468 184 
10 2 3235 5419 3301 
10 2 2826 5309 2828 
10 2 3174 5310 3384 
10 2 3532 5482 5110 
10 2 4742 5311 3613 
10 2 2834 5312 2832 
10 2 369 5466 622 
10 2 540 5465 175 
10 2 526 5314 525 
10 2 3303 5417 3236 
10 2 116 5315 115 
10 2 3677 5316 3678 
10 2 3570 5317 2883 
10 2 4948 5318 3070 
10 2 328 5467 327 
10 2 3069 5319 4730 
10 2 3563 5320 4966 
10 2 2836 5321 3112 
10 2 25 5463 24 
10 2 3374 5473 3375 
10 2 463 5322 462 
10 2 4820 5323 3259 
10 2 250 5324 249 
10 2 3325 5462 512 
10 2 4991 5325 3711 
10 2 1423 5326 1419 
10 2 3799 5327 3812 
10 2 3262 5334 3261 
10 2 3788 5411 3253 
10 2 3268 5356 3267 
10 2 3476 5328 3475 
10 2 3386 5329 2824 
10 2 3440 5330 3444 
10 2 168 5331 167 
10 2 3245 5364 2933 
10 2 3237 5378 3239 
10 2 4095 5457 3243 
10 2 3348 5449 5287 
10 2 5287 5449 2301 
10 2 127 5333 126 
10 2 4186 5507 5128 
10 2 4019 5334 4028 
10 2 22 5336 21 
10 2 3086 5471 3087 
10 2 3088 5472 3089 
10 2 4281 5337 3044 
10 2 220 5338 219 
10 2 3112 5505 3113 
10 2 194 5339 193 
10 2 3396 5479 3397 
10 2 4060 5502 4059 
10 2 3096 5483 3095 
10 2 5120 5501 3990 
10 2 3488 5342 3371 
10 2 3099 5340 3056 
10 2 3057 5341 3100 
10 2 3477 5498 3476 
10 2 347 5343 346 
10 2 3100 5494 3845 
10 2 2818 5344 3244 
10 2 3258 5407 3717 
10 2 5110 5482 3906 
10 2 422 5345 421 
10 2 3073 5346 3365 
10 2 3196 5347 5093 
10 2 104 5464 103 
10 2 3160 5348 5034 
10 2 3380 5349 3163 
10 2 172 5350 171 
10 2 503 5458 502 
10 2 3061 5351 3063 
10 2 2849 5352 2847 
10 2 3098 5353 3059 
10 2 3076 5354 4698 
10 2 3849 5355 3077 
10 2 335 5452 334 
10 2 3297 5468 3317 
10 2 3722 5356 3723 
10 2 3483 5357 3486 
10 2 5095 5358 3438 
10 2 3087 5471 5103 
10 2 432 5447 431 
10 2 3141 5359 4670 
10 2 3682 5360 3659 
10 2 78 5361 77 
10 2 3095 5362 3068 
10 2 3089 5472 5104 
10 2 441 5363 440 
10 2 4001 5364 4229 
10 2 354 5365 353 
10 2 4368 5366 2855 
10 2 94 5367 93 
10 2 451 5368 450 
10 2 337 5440 336 
10 2 3397 5369 3398 
10 2 3091 5370 2862 
10 2 5224 5550 3465 
10 2 227 5371 226 
10 2 2866 5372 2864 
10 2 3139 5373 3953 
10 2 217 5374 216 
10 2 486 5375 485 
10 2 51 5376 50 
10 2 477 5377 476 
10 2 3988 5378 3987 
10 2 156 5379 155 
10 2 3028 5552 5164 
10 2 309 5380 308 
10 2 406 5381 405 
10 2 3510 5382 3508 
10 2 2871 5383 3088 
10 2 4968 5384 3067 
10 2 137 5430 136 
10 2 3907 5385 3909 
10 2 182 5386 181 
10 2 5332 5476 4337 
10 2 3065 5387 4552 
10 2 3082 5388 4786 
10 2 3542 5389 3423 
10 2 512 5462 511 
10 2 5112 5479 3396 
10 2 111 5390 110 
10 2 434 5391 433 
10 2 8 5392 7 
10 2 3732 5393 4958 
10 2 158 5405 157 
10 2 387 5406 386 
10 2 505 5394 504 
10 2 32 5395 31 
10 2 3219 5396 3600 
10 2 66 5397 65 
10 2 3583 5397 3266 
10 2 163 5398 162 
10 2 382 5399 381 
10 2 3731 5400 3732 
10 2 132 5401 131 
10 2 510 5402 509 
10 2 5204 5537 3836 
10 2 3350 5538 5205 
10 2 203 5403 202 
10 2 342 5404 341 
10 2 3292 5405 3319 
10 2 3320 5406 3293 
10 2 106 5407 105 
10 2 427 5408 426 
10 2 4552 5409 3055 
10 2 3029 5410 3082 
10 2 1698 5497 5188 
10 2 215 5411 214 
10 2 330 5412 329 
10 2 177 5413 176 
10 2 498 5414 497 
10 2 80 5415 79 
10 2 39 5416 38 
10 2 5116 5483 3096 
10 2 144 5417 143 
10 2 297 5418 296 
10 2 304 5419 303 
10 2 394 5420 393 
10 2 46 5421 45 
10 2 491 5422 490 
10 2 222 5423 221 
10 2 99 5424 98 
10 2 446 5425 445 
10 2 3054 5426 4968 
10 2 4053 5427 3510 
10 2 3033 5428 3031 
10 2 3889 5429 1708 
10 2 3321 5430 3272 
10 2 3212 5431 3214 
10 2 4815 5432 2128 
10 2 3092 5433 3091 
10 2 3149 5443 3331 
10 2 3052 5434 4368 
10 2 3346 5449 3348 
10 2 3760 5435 3203 
10 2 3050 5436 3049 
10 2 3097 5437 3695 
10 2 3486 5438 3487 
10 2 3121 5439 5095 
10 2 3647 5440 3652 
10 2 5340 5520 5251 
10 2 3047 5441 3076 
10 2 3785 5495 3783 
10 2 447 5442 1317 
10 2 4920 5444 3098 
10 2 5034 5445 3410 
10 2 3046 5446 3073 
10 2 3323 5447 3283 
10 2 4840 5448 3099 
10 2 2301 5449 3899 
10 2 3102 5450 3101 
10 2 3044 5451 3042 
10 2 3650 5452 3648 
10 2 3444 5453 3445 
10 2 3797 5454 3799 
10 2 3109 5455 3110 
10 2 68 5456 67 
10 2 567 5457 4176 
10 2 5212 5551 3357 
10 2 3324 5458 3304 
10 2 3845 5494 5124 
10 2 3675 5459 3154 
10 2 389 5460 388 
10 2 4017 5510 4016 
10 2 5152 5496 4207 
10 2 139 5461 138 
10 2 3306 5462 3325 
10 2 5134 5498 3477 
10 2 5123 5478 3999 
10 2 3028 5509 4676 
10 2 3465 5463 3458 
10 2 5119 5474 4548 
10 2 5138 5502 4060 
10 2 3113 5505 5142 
10 2 3357 5464 3322 
10 2 3346 5491 5449 
10 2 3415 5467 3414 
10 2 5150 5332 1967 
10 2 3836 5465 3835 
10 2 3335 5466 3350 
10 2 5114 5459 3675 
10 2 5449 5491 3899 
10 2 184 5468 183 
10 2 530 5489 5148 
10 2 281 5486 5146 
10 2 539 5487 5147 
10 2 5199 5522 4542 
10 2 600 5469 392 
10 2 1779 5470 1425 
10 2 5103 5471 603 
10 2 5207 5519 5011 
10 2 5104 5472 614 
10 2 479 5473 478 
10 2 1186 5484 5108 
10 2 3678 5553 5448 
10 2 5445 5554 3408 
10 2 3613 5549 5446 
10 2 4207 5474 4206 
10 2 2526 5516 5211 
10 2 3115 5555 5444 
10 2 2932 5475 4119 
10 2 3316 5476 3314 
10 2 3006 5517 5210 
10 2 3937 5521 5303 
10 2 4268 5477 4010 
10 2 4186 5515 5208 
10 2 1227 5479 5112 
10 2 2067 5478 2304 
10 2 635 5480 3784 
10 2 27 5481 26 
10 2 3906 5482 1696 
10 2 1701 5483 5116 
10 2 5338 5530 5153 
10 2 1771 5524 3358 
10 2 3462 5484 3464 
10 2 3345 5491 3346 
10 2 439 5485 438 
10 2 627 5548 5350 
10 2 5129 5506 591 
10 2 606 5546 5345 
10 2 262 5493 2558 
10 2 5343 5540 587 
10 2 2830 5489 531 
10 2 2831 5487 6 
10 2 2557 5486 282 
10 2 651 5488 628 
10 2 63 5490 2559 
10 2 2555 5499 5174 
10 2 5339 5536 1399 
10 2 3899 5491 1771 
10 2 5226 5514 4850 
10 2 368 5492 367 
10 2 652 5534 5336 
10 2 1452 5531 5333 
10 2 5331 5529 1366 
10 2 5229 5512 4939 
10 2 555 5533 5324 
10 2 2132 5495 5139 
10 2 5322 5535 1318 
10 2 5124 5494 1360 
10 2 5139 5495 3785 
10 2 1281 5532 5286 
10 2 5108 5484 3462 
10 2 5315 5539 564 
10 2 655 5541 5314 
10 2 5096 5511 5232 
10 2 1509 5528 5276 
10 2 4206 5474 5119 
10 2 5308 5542 1733 
10 2 5304 5543 1341 
10 2 616 5545 5302 
10 2 5301 5547 1320 
10 2 2469 5496 2825 
10 2 1345 5527 5271 
10 2 1184 5498 5134 
10 2 2842 5497 3126 
10 2 2304 5478 5123 
10 2 4014 5499 4268 
10 2 2739 5500 2738 
10 2 5287 5509 4124 
10 2 3990 5501 3989 
10 2 5153 5530 3334 
10 2 566 5502 5138 
10 2 3538 5547 3539 
10 2 3153 5545 3151 
10 2 5142 5505 1697 
10 2 1336 5518 5228 
10 2 4124 5509 5164 
10 2 3127 5543 3078 
10 2 3164 5503 3165 
10 2 3551 5504 3550 
10 2 3341 5506 3339 
10 2 1343 5507 4186 
10 2 3155 5542 3157 
10 2 2284 5508 2002 
10 2 5175 5521 3937 
10 2 3637 5541 3636 
10 2 2543 5523 5166 
10 2 3131 5539 3081 
10 2 2463 5526 5163 
10 2 3171 5515 4493 
10 2 5149 5520 1443 
10 2 4759 5535 3116 
10 2 3991 5516 3990 
10 2 3407 5533 3406 
10 2 3353 5520 5149 
10 2 3358 5524 3344 
10 2 2825 5496 5152 
10 2 4128 5529 4129 
10 2 4061 5531 4062 
10 2 3450 5534 3451 
10 2 3179 5536 3921 
10 2 173 5537 627 
10 2 576 5538 371 
10 2 4873 5540 3111 
10 2 326 5544 583 
10 2 3893 5546 3891 
10 2 3103 5548 4132 
10 2 611 5553 4130 
10 2 553 5549 4112 
10 2 23 5550 652 
10 2 102 5551 626 
10 2 4016 5510 5103 
10 2 1867 5443 5168 
10 2 5025 5511 5104 
10 2 5148 5489 2830 
10 2 5147 5487 2831 
10 2 5146 5486 2557 
10 2 652 5550 5224 
10 2 626 5551 5212 
10 2 5112 5512 3573 
10 2 627 5537 5204 
10 2 5205 5538 576 
10 2 3339 5506 5129 
10 2 5164 5509 3028 
10 2 3334 5530 5219 
10 2 5116 5514 3968 
10 2 4676 5509 5287 
10 2 2558 5493 5156 
10 2 5156 5493 263 
10 2 5167 5513 3363 
10 2 3826 5517 5124 
10 2 5163 5526 3309 
10 2 5251 5520 3353 
10 2 5118 5554 1700 
10 2 5166 5523 3377 
10 2 5134 5519 3727 
10 2 557 5555 5121 
10 2 4173 5522 5199 
10 2 1443 5520 5340 
10 2 5138 5522 4173 
10 2 3314 5476 5332 
10 2 4205 5525 5142 
10 2 3363 5513 5217 
10 2 3727 5519 5207 
10 2 3309 5526 5206 
10 2 5174 5499 4014 
10 2 3377 5523 5200 
10 2 3287 5521 5175 
10 2 5211 5516 3991 
10 2 5208 5515 3171 
10 2 3193 5532 5151 
10 2 5210 5517 3826 
10 2 5180 5521 3287 
10 2 3417 5528 5154 
10 2 3182 5527 5155 
10 2 3957 5518 5161 
10 2 3968 5514 5226 
10 2 3573 5512 5229 
10 2 5164 5552 590 
10 2 5217 5513 4222 
10 2 5232 5511 5025 
10 2 5228 5518 3957 
10 2 3566 5530 5338 
10 2 3539 5547 5301 
10 2 5302 5545 3153 
10 2 5219 5530 3566 
10 2 3078 5543 5304 
10 2 5271 5527 3182 
10 2 3157 5542 5308 
10 2 5276 5528 3417 
10 2 5286 5532 3193 
10 2 5314 5541 3637 
10 2 3081 5539 5315 
10 2 3116 5535 5322 
10 2 5324 5533 3407 
10 2 5350 5548 3103 
10 2 5345 5546 3893 
10 2 3111 5540 5343 
10 2 3921 5536 5339 
10 2 4129 5529 5331 
10 2 5336 5534 3450 
10 2 5333 5531 4061 
10 2 5448 5553 611 
10 2 5444 5555 557 
10 2 5446 5549 553 
10 2 1700 5554 5445 
